Player,Team,Pos,MP,AST%,USG%,TOV%,BadPass,LostBall,PGA,3PAr,3PAr+,3P%,TS%,TS+,FTr,FTr+,And1,ORB%,DRB%,TRB%,BLK%,STL%,DBPM,PG%,SG%,SF%,PF%,C%,Cluster,PCA1,PCA2,Primary Creator_Score,Shooting Wing_Score,Rim Protector_Score,Stretch Big_Score,Defensive Wing_Score,Interior Finisher_Score
Luka Dončić,LAL,PG,35.8,40.5,38.1,12.8,169,59,1229,0.476,115.0,0.366,0.616,106.0,0.443,168.0,64,2.2,22.5,12.7,1.4,2.2,1.3,86,14,0,0,0,4,1.7277178809738136,7.834683214823355,100.0,61.9,17.7,36.4,24.0,69.3
Shai Gilgeous-Alexander,OKC,PG,33.2,35.0,33.4,8.7,81,48,1130,0.226,54.0,0.386,0.665,114.0,0.465,176.0,61,1.9,11.7,7.0,2.3,2.0,3.0,100,0,0,0,0,4,2.108685539858586,6.075516174062188,92.4,46.4,20.1,15.4,28.7,79.6
Anthony Edwards,MIN,SG,35.0,17.6,31.5,10.9,81,61,549,0.418,101.0,0.399,0.617,106.0,0.355,135.0,40,1.9,13.4,7.8,2.0,1.9,-0.1,1,64,34,1,0,4,0.1199077832082976,3.2555741857846923,44.5,81.6,18.7,31.1,43.3,55.0
Jaylen Brown,BOS,SF,34.4,25.9,36.2,12.7,77,116,924,0.262,63.0,0.347,0.573,99.0,0.347,132.0,64,3.7,18.1,11.1,1.1,1.5,-0.1,0,13,64,23,0,4,1.5595683590809315,5.781294469926032,58.8,64.3,20.9,25.5,39.7,68.9
Tyrese Maxey,PHI,PG,38.0,28.9,29.4,9.2,88,64,1109,0.399,96.0,0.367,0.588,101.0,0.278,105.0,41,1.0,11.0,5.9,1.9,2.4,0.5,98,3,0,0,0,4,-0.4540903052618197,5.110813755568825,85.3,49.4,14.7,25.8,24.4,49.2
Kawhi Leonard,LAC,SF,32.1,21.0,33.5,8.4,52,60,585,0.354,85.0,0.387,0.629,108.0,0.331,125.0,54,4.1,18.6,11.5,1.2,2.9,0.6,0,3,67,30,1,4,1.2642616325186111,3.0769171398068744,49.1,72.4,21.1,38.1,52.3,65.0
Donovan Mitchell,CLE,SG,33.5,27.9,32.2,11.1,114,61,966,0.439,106.0,0.364,0.613,105.0,0.306,116.0,40,2.4,12.4,7.4,0.8,2.1,-0.2,19,54,25,2,0,4,-0.3627380411645988,4.780115245539085,64.1,75.8,11.5,28.1,38.3,52.0
Nikola Jokić,DEN,C,34.8,50.3,30.4,15.3,151,67,1655,0.261,63.0,0.38,0.67,115.0,0.424,161.0,45,10.0,30.4,20.7,2.2,2.0,4.1,0,0,0,0,100,4,5.757288587779855,6.402322101452121,81.1,47.4,67.0,66.1,34.4,76.1
Giannis Antetokounmpo,MIL,PF,28.9,38.7,37.0,13.2,32,40,527,0.075,18.0,0.333,0.658,113.0,0.597,226.0,42,10.7,27.4,19.2,2.3,1.6,1.8,0,0,9,62,29,1,5.914921820728236,3.1626963829554238,58.7,39.1,47.0,45.4,23.1,88.7
Joel Embiid,PHI,C,31.6,21.7,33.5,11.4,46,45,366,0.228,55.0,0.333,0.605,104.0,0.481,182.0,26,6.7,20.0,13.3,3.6,0.8,-0.2,0,0,0,0,100,1,3.8877343509837656,1.712262833612603,43.6,40.1,68.6,58.0,8.3,63.5
Lauri Markkanen,UTA,PF,34.4,10.1,28.1,6.4,19,33,222,0.402,97.0,0.355,0.608,105.0,0.333,126.0,33,6.1,15.7,10.8,1.4,1.4,-2.0,0,0,12,68,20,5,0.9113347470906312,0.0383699723170365,31.4,52.8,28.1,60.9,12.8,53.9
Stephen Curry,GSW,PG,30.9,27.0,32.5,11.9,65,34,481,0.606,146.0,0.393,0.637,110.0,0.277,105.0,24,1.4,11.7,6.5,1.2,1.8,-1.0,100,0,0,0,0,2,-1.1501164904626449,2.922062768784744,77.8,66.1,8.9,41.8,12.4,38.9
Devin Booker,PHO,SG,33.5,30.2,32.2,12.3,98,80,988,0.309,74.0,0.33,0.585,101.0,0.434,165.0,56,2.4,10.7,6.4,0.8,1.2,-1.0,5,54,38,3,0,4,0.5575273440413182,5.713303845158704,60.7,68.9,12.5,16.0,34.3,67.9
Jalen Brunson,NYK,PG,35.0,31.3,30.4,9.5,108,54,1214,0.358,86.0,0.369,0.58,100.0,0.285,108.0,49,1.3,9.4,5.3,0.3,1.1,-0.9,96,4,0,0,0,4,-0.7398858052174795,5.724944815756861,88.6,47.3,8.1,18.5,10.0,54.3
Kevin Durant,HOU,SF,36.4,20.7,27.1,13.5,136,81,847,0.327,79.0,0.413,0.641,110.0,0.339,129.0,38,1.6,14.8,8.3,2.3,1.1,0.1,0,32,61,8,0,4,0.8644210912598826,4.4025059280713945,45.6,76.6,21.9,28.6,45.0,57.4
Jamal Murray,DEN,PG,35.4,31.1,27.9,10.0,116,38,1288,0.414,100.0,0.435,0.622,107.0,0.287,109.0,35,1.4,12.0,7.0,1.0,1.2,-1.4,100,0,0,0,0,4,-0.580201946209965,4.979078055537465,88.8,54.3,11.8,29.2,9.2,49.2
Victor Wembanyama,SAS,C,29.2,17.6,32.4,10.8,50,66,484,0.324,78.0,0.349,0.626,108.0,0.417,158.0,35,7.7,33.9,21.2,9.4,1.7,4.2,0,0,0,0,100,1,6.315729624496925,1.5058066842070017,43.1,47.3,100.0,86.6,31.8,64.0
Deni Avdija,POR,SF,33.3,32.2,29.3,16.0,133,91,1119,0.369,89.0,0.318,0.6,103.0,0.573,218.0,68,3.6,19.0,11.2,1.7,1.1,0.6,0,23,62,14,0,4,2.6623942176553035,6.664006006334626,59.7,70.6,20.4,30.3,44.4,81.0
Michael Porter Jr.,BRK,SF,32.5,18.2,30.5,10.3,52,34,369,0.506,122.0,0.363,0.595,102.0,0.237,90.0,37,4.5,21.7,12.6,0.7,1.6,-1.2,0,3,76,21,0,4,-0.0942234542430938,1.2258515186000178,41.6,79.2,17.5,44.5,41.7,45.5
Pascal Siakam,IND,PF,33.2,19.9,30.1,9.5,44,53,590,0.254,61.0,0.358,0.562,97.0,0.327,124.0,47,4.6,17.4,10.9,1.0,1.6,-1.0,0,0,6,84,11,4,1.295432793179921,2.434035922685737,43.8,40.3,25.0,51.6,14.6,60.0
Cade Cunningham,DET,PG,33.9,45.2,30.5,14.8,147,67,1476,0.308,74.0,0.342,0.564,97.0,0.321,122.0,40,2.9,15.2,9.2,2.5,2.0,1.5,83,17,0,0,0,4,0.8053562307300617,7.148640104554978,97.0,45.7,20.4,21.8,27.8,53.5
James Harden,2TM,PG,34.8,34.7,28.6,15.3,159,66,1310,0.51,123.0,0.375,0.61,105.0,0.467,177.0,39,1.9,13.6,7.9,1.1,1.6,-0.8,46,52,2,0,0,4,0.3260115000065318,6.538498304114609,77.7,71.3,10.9,34.5,25.1,56.9
Keyonte George,UTA,PG,33.1,28.4,27.9,13.7,74,54,778,0.41,99.0,0.371,0.609,105.0,0.429,163.0,36,1.4,10.9,6.0,0.8,1.5,-2.1,100,0,0,0,0,4,-0.0116600590337144,4.439867080616308,77.0,50.3,10.3,24.3,8.5,56.0
Austin Reaves,LAL,SG,34.5,24.0,26.7,14.0,83,53,640,0.43,104.0,0.36,0.641,110.0,0.487,185.0,28,2.3,13.3,8.0,1.1,1.6,-0.6,16,50,34,1,0,4,0.6879067219994555,3.3371839743765666,48.8,76.7,14.2,28.1,38.9,57.7
Jalen Johnson,ATL,SF,35.2,33.5,27.0,14.9,141,60,1378,0.278,67.0,0.352,0.581,100.0,0.311,118.0,48,4.3,27.8,15.9,1.1,1.7,1.4,0,0,8,92,0,4,2.4724766884312817,5.201709705618909,62.3,42.2,25.2,56.6,26.9,60.1
Paolo Banchero,ORL,PF,34.8,23.4,27.6,13.6,94,96,907,0.239,58.0,0.305,0.566,97.0,0.512,194.0,57,3.8,23.4,13.5,1.4,1.0,0.0,0,0,0,95,5,4,3.249434879258157,4.94875758598435,48.0,34.6,27.5,52.8,13.4,74.2
Jayson Tatum,BOS,PF,32.6,25.1,30.0,10.8,17,14,203,0.498,120.0,0.329,0.541,93.0,0.275,104.0,6,1.7,31.3,16.8,0.6,2.1,1.8,0,0,0,95,5,5,0.6784463657112727,-0.1628817535552537,42.4,49.5,23.0,74.8,26.4,26.7
Norman Powell,MIA,SG,29.6,12.5,27.2,9.7,39,51,338,0.458,110.0,0.38,0.609,105.0,0.355,135.0,30,1.3,11.0,6.1,0.7,1.7,-0.3,9,87,4,0,0,4,-0.7669229381552425,1.7899062403039063,36.1,78.1,11.5,28.3,36.2,47.9
Brandon Ingram,TOR,SF,33.8,16.8,26.9,11.5,75,75,707,0.274,66.0,0.382,0.573,99.0,0.276,105.0,38,2.7,16.1,9.4,2.0,1.1,-0.5,0,4,76,20,0,4,0.4916837553486931,2.896060262763676,40.4,64.3,23.6,27.7,43.0,51.7
Trey Murphy III,NOP,SF,35.5,16.2,22.7,9.4,62,45,581,0.538,130.0,0.379,0.613,105.0,0.234,89.0,23,2.9,14.6,8.7,1.0,2.0,-0.6,0,29,63,8,0,4,-1.0272947765546645,1.2041453594599876,37.0,83.3,13.7,40.3,50.7,37.7
Julius Randle,MIN,PF,33.0,23.1,26.5,13.2,102,74,1020,0.287,69.0,0.315,0.585,101.0,0.411,156.0,65,5.7,16.5,11.2,0.6,1.6,0.0,0,0,3,93,5,4,2.242646991769196,4.701877564821247,49.3,39.6,20.7,52.3,19.1,74.4
Cooper Flagg,DAL,SF,33.5,21.5,26.9,10.7,52,78,767,0.204,49.0,0.295,0.548,94.0,0.286,109.0,39,3.9,17.0,10.5,2.3,1.7,0.4,0,1,37,60,1,4,1.268623809489049,2.93126111611108,44.1,42.2,27.1,34.7,34.6,54.0
Zion Williamson,NOP,PF,29.7,17.7,25.7,11.1,50,54,511,0.005,1.0,0.25,0.644,111.0,0.576,219.0,60,7.2,13.5,10.3,1.7,1.6,-0.6,0,0,7,83,10,4,4.200832564968644,2.8877533113224536,33.8,25.8,32.0,27.4,18.8,94.3
LeBron James,LAL,SF,33.2,34.1,27.2,14.5,104,53,1008,0.264,64.0,0.317,0.594,102.0,0.344,130.0,35,2.6,18.3,10.7,1.6,1.8,0.2,0,22,59,19,0,4,1.1253787713724364,4.199885791585666,56.3,62.2,21.2,23.4,47.2,55.5
Nickeil Alexander-Walker,ATL,SG,33.4,15.8,23.9,10.9,92,51,700,0.526,127.0,0.399,0.61,105.0,0.257,97.0,24,2.1,9.1,5.6,1.5,1.9,-0.4,33,63,4,0,0,4,-1.3681672078780305,2.5748733245936206,48.1,75.1,12.2,35.9,34.0,38.8
Shaedon Sharpe,POR,SG,29.4,15.4,30.5,13.3,67,65,342,0.353,85.0,0.337,0.546,94.0,0.227,86.0,32,3.7,12.4,8.0,0.4,2.3,-0.9,41,53,6,0,0,4,-0.8881405224018313,2.798036267047976,47.6,58.4,14.2,19.1,30.2,43.0
Franz Wagner,ORL,SF,30.0,18.2,27.0,8.9,23,26,275,0.274,66.0,0.345,0.588,101.0,0.391,148.0,14,4.7,14.8,9.7,1.0,1.5,-0.2,0,0,49,50,1,5,0.7775752557782851,0.3369264964372797,34.5,54.5,20.1,35.2,35.4,49.0
Tyler Herro,MIA,SG,31.3,19.7,24.7,10.2,35,18,326,0.431,104.0,0.378,0.602,104.0,0.21,80.0,12,1.4,14.6,7.9,1.0,1.0,-0.4,5,75,20,0,0,7,-1.3212279737941577,0.3047395255865388,36.7,76.7,14.3,28.4,36.2,32.4
Anthony Davis,DAL,PF,31.3,15.1,27.5,10.0,15,22,130,0.111,27.0,0.27,0.551,95.0,0.243,92.0,10,10.6,26.7,18.7,4.5,1.7,0.9,0,0,0,11,89,1,3.737975081641858,-1.181923501538348,28.5,24.8,78.3,52.7,21.6,46.7
Alperen Şengün,HOU,C,33.3,28.9,26.6,15.0,105,71,1057,0.117,28.0,0.305,0.569,98.0,0.335,127.0,48,10.1,19.4,14.8,3.0,1.8,1.5,0,0,0,14,86,4,4.061127545996365,4.148805273316534,51.6,27.6,64.4,48.0,25.0,70.1
Dillon Brooks,PHO,SF,30.4,9.6,28.6,8.6,33,31,240,0.385,93.0,0.344,0.54,93.0,0.211,80.0,13,2.7,10.8,6.6,0.5,1.7,-1.3,0,0,7,91,2,5,-1.226065438794821,-0.0170935162705637,31.1,45.3,13.8,55.2,15.3,30.9
Brandon Miller,CHO,SF,30.3,17.8,28.1,12.5,81,47,553,0.511,123.0,0.383,0.574,99.0,0.214,81.0,18,4.1,14.0,9.2,2.1,1.7,-0.1,0,3,87,10,0,4,-0.8506472506840641,1.5836240762893286,41.7,81.4,19.0,42.2,52.1,33.3
Bam Adebayo,MIA,C,32.4,14.1,25.0,8.3,46,52,574,0.349,84.0,0.318,0.551,95.0,0.369,140.0,39,6.5,25.7,16.1,1.8,1.7,0.4,0,0,0,21,79,1,2.793531111567141,1.3804744137879277,36.2,39.5,56.5,64.8,20.9,56.4
LaMelo Ball,CHO,PG,28.0,42.6,32.0,13.2,114,49,1263,0.595,143.0,0.368,0.546,94.0,0.144,55.0,15,3.7,15.5,9.7,0.8,2.1,-0.1,94,6,0,0,0,2,-1.728433018233773,4.984150881630856,99.2,59.5,9.0,41.5,19.4,23.5
Desmond Bane,ORL,SG,33.6,19.3,23.3,10.8,79,48,817,0.354,85.0,0.391,0.607,104.0,0.287,109.0,37,3.9,9.8,6.8,1.2,1.5,-0.2,2,69,29,0,0,4,-0.3896246279052668,2.756212456375472,42.0,73.8,15.3,22.7,43.4,52.9
Karl-Anthony Towns,NYK,C,31.0,14.7,25.9,13.3,50,59,520,0.297,72.0,0.368,0.619,106.0,0.403,153.0,56,11.2,31.7,21.4,1.8,1.4,0.6,0,0,0,0,100,1,5.056141596628024,1.773389345018206,34.5,43.8,70.9,67.9,19.2,76.6
Jimmy Butler,GSW,SF,31.1,24.3,23.3,9.3,34,16,474,0.184,44.0,0.376,0.646,111.0,0.621,236.0,31,8.2,11.8,10.0,0.6,2.3,0.5,0,6,39,54,0,4,2.741824492423205,1.4803929335816448,37.4,52.1,19.4,30.3,42.6,78.5
Ty Jerome,MEM,SG,22.6,44.9,32.7,10.1,8,9,202,0.465,112.0,0.42,0.616,106.0,0.26,99.0,10,3.5,10.1,6.7,1.1,2.2,-0.6,26,64,10,0,0,7,-1.4051533433655108,1.3562885780940044,64.4,78.3,8.8,32.3,33.4,35.8
Jalen Duren,DET,C,28.2,11.0,23.6,11.6,47,44,318,0.0,0.0,0.0,0.688,118.0,0.535,203.0,55,15.3,26.4,20.9,3.0,1.4,0.5,0,0,0,0,100,3,7.656213809544907,0.8811007165529033,23.8,14.8,81.4,28.8,20.0,100.0
Ja Morant,MEM,PG,28.5,45.1,32.5,16.0,48,20,384,0.264,64.0,0.235,0.521,90.0,0.363,138.0,9,1.5,11.0,6.2,1.0,1.7,-2.0,100,0,0,0,0,2,-0.6193192824592568,3.3307870316112,83.2,31.7,11.7,6.9,7.9,37.9
Jaren Jackson Jr.,2TM,C,30.3,10.4,26.2,11.7,27,32,237,0.327,79.0,0.357,0.576,99.0,0.282,107.0,27,3.1,17.4,10.1,4.4,1.7,0.5,0,0,0,55,45,5,1.5263080607647856,-0.0120618220441506,27.8,42.1,49.1,66.0,20.7,45.8
RJ Barrett,TOR,SF,30.3,16.8,25.8,9.5,57,24,446,0.347,84.0,0.339,0.585,101.0,0.342,130.0,32,3.6,16.3,9.9,1.1,1.2,-0.7,0,55,39,6,0,4,0.1565005148332331,1.360789947740664,36.1,69.7,19.2,24.2,39.3,51.7
Zach LaVine,SAC,SG,31.4,11.2,23.7,10.8,31,29,211,0.464,112.0,0.39,0.614,106.0,0.26,98.0,10,0.7,9.4,4.9,0.8,1.1,-2.2,33,37,25,5,0,7,-1.71235344476227,0.153895919797254,35.6,70.7,10.5,30.3,24.8,33.3
Darius Garland,2TM,PG,29.9,34.9,27.4,15.2,83,39,712,0.458,110.0,0.396,0.582,100.0,0.182,69.0,7,1.5,7.4,4.5,0.6,1.6,-2.4,92,8,0,0,0,2,-2.2277541776241394,3.2478213250575814,77.5,54.3,5.8,27.5,9.9,26.4
CJ McCollum,2TM,PG,29.8,19.7,25.7,9.7,76,40,733,0.442,106.0,0.375,0.566,97.0,0.205,78.0,28,2.9,9.2,6.0,1.4,1.3,-1.7,77,23,0,0,0,2,-1.5592096907330135,2.6820769988970583,63.9,54.8,13.4,28.4,14.4,38.1
De'Aaron Fox,SAS,PG,31.0,29.6,24.9,12.4,92,58,1108,0.377,91.0,0.332,0.578,99.0,0.235,89.0,21,2.1,10.7,6.5,0.8,1.9,0.6,99,1,0,0,0,2,-0.8129574532844712,4.316215144025856,80.4,43.8,11.4,20.2,23.3,38.4
Jerami Grant,POR,PF,29.7,11.0,23.8,12.0,51,45,312,0.479,116.0,0.389,0.608,105.0,0.441,167.0,31,3.5,9.3,6.3,1.9,1.2,-0.9,0,0,58,39,3,4,0.2478452685454317,1.1227440631618133,28.6,71.0,17.3,48.8,35.9,53.9
Kon Knueppel,CHO,SF,31.5,16.6,22.3,12.0,74,63,683,0.592,143.0,0.425,0.633,109.0,0.208,79.0,21,4.4,14.6,9.6,0.7,1.1,-0.4,0,46,49,5,0,4,-0.9757739141606104,1.6904067527331037,38.5,90.0,12.4,45.7,43.6,36.6
DeMar DeRozan,SAC,PF,31.2,20.0,22.8,7.4,51,26,786,0.146,35.0,0.32,0.594,102.0,0.429,163.0,47,1.6,9.1,5.3,0.9,1.6,-1.0,0,6,55,39,0,4,0.7246859318519705,2.3946082119238823,39.8,48.5,16.3,15.6,38.7,68.2
Amen Thompson,HOU,PG,37.4,20.4,20.0,13.5,92,72,1040,0.111,27.0,0.216,0.594,102.0,0.374,142.0,51,8.9,14.0,11.5,1.5,2.0,1.0,83,16,1,0,0,4,2.4872310662451715,4.468645448798544,61.3,27.3,26.8,0.0,31.3,74.5
Evan Mobley,CLE,PF,31.9,16.8,22.6,11.0,42,59,573,0.243,59.0,0.297,0.596,103.0,0.346,131.0,41,8.3,22.7,15.5,5.2,1.1,1.2,0,0,0,35,65,1,3.9703335802388016,1.2020034354324645,33.7,34.8,66.3,63.1,21.1,64.0
Scottie Barnes,TOR,PF,33.5,26.3,23.4,14.3,131,40,1086,0.199,48.0,0.304,0.577,99.0,0.264,100.0,34,6.3,19.3,12.7,4.2,2.1,2.3,0,0,2,67,31,4,2.6429637162835387,3.226031952569958,48.3,32.2,46.9,54.7,32.5,54.8
Trae Young,2TM,PG,25.6,45.8,28.1,15.1,33,4,291,0.452,109.0,0.338,0.612,105.0,0.548,208.0,14,1.1,7.4,4.2,0.5,1.6,-1.4,100,0,0,0,0,2,-0.2928213578164275,2.8746091813428483,79.8,51.6,3.5,23.6,11.8,50.4
Jalen Green,PHO,SG,25.9,18.6,31.9,11.6,25,33,233,0.443,107.0,0.313,0.516,89.0,0.17,64.0,9,2.1,13.9,7.8,0.9,2.0,-0.9,9,63,27,1,0,7,-2.041361051143007,0.7244226354466916,42.1,70.0,13.7,26.1,37.7,23.0
Saddiq Bey,NOP,SF,31.2,11.9,21.6,5.8,28,22,446,0.426,103.0,0.367,0.579,100.0,0.305,116.0,29,5.7,13.5,9.6,0.3,1.4,-1.8,0,2,51,46,0,5,-0.3884320379943797,-0.0392948583008655,30.6,62.7,14.8,44.3,32.5,47.4
Bennedict Mathurin,2TM,SF,30.0,12.0,25.2,12.5,52,42,318,0.352,85.0,0.315,0.575,99.0,0.496,188.0,32,3.9,16.5,10.2,0.7,1.3,-1.4,2,35,51,12,1,4,0.9422887979004528,1.5917794491117756,29.8,66.2,18.9,25.3,38.2,58.9
Coby White,2TM,SG,25.0,24.8,28.8,14.9,55,46,504,0.51,123.0,0.362,0.595,102.0,0.387,147.0,23,1.5,13.1,7.4,0.4,0.9,-1.9,47,45,8,0,0,4,-0.6964110544220983,2.802353616925793,57.6,69.7,9.0,31.8,17.0,43.9
Kevin Porter Jr.,MIL,PG,33.2,33.8,24.3,15.9,56,38,684,0.278,67.0,0.322,0.567,98.0,0.304,115.0,17,3.1,14.6,8.9,1.5,3.2,1.2,44,56,0,0,0,2,0.1147763283568724,2.9192095247450287,58.8,51.7,18.4,15.9,45.7,43.0
Paul George,PHI,PF,30.7,17.7,23.3,10.2,37,14,311,0.497,120.0,0.392,0.57,98.0,0.216,82.0,9,1.9,17.1,9.4,1.3,2.6,0.7,0,0,45,55,0,5,-0.9795039558939016,-0.3287251263954458,33.1,65.4,16.3,56.5,46.6,27.4
Ryan Rollins,MIL,PG,32.1,27.1,24.2,15.5,112,65,1031,0.44,106.0,0.406,0.583,100.0,0.152,58.0,12,2.6,13.4,8.0,1.3,2.3,-0.5,96,4,0,0,0,2,-1.2113029527242216,4.000677518786024,75.8,51.5,14.3,31.3,22.7,28.8
Miles Bridges,CHO,PF,31.0,15.9,22.3,8.5,60,25,645,0.427,103.0,0.333,0.57,98.0,0.243,92.0,18,3.6,17.4,10.6,1.3,1.0,-0.1,0,0,3,95,2,5,0.0201655568120467,0.4959735511023473,36.7,45.8,20.1,64.7,16.8,36.6
Chet Holmgren,OKC,PF,28.9,8.6,21.9,10.6,25,48,272,0.312,75.0,0.362,0.653,112.0,0.365,138.0,22,7.4,25.3,16.7,6.4,1.0,1.9,0,0,1,37,62,1,4.268314126646601,-0.6085779138532443,23.2,45.6,71.4,75.2,23.9,57.3
Jalen Williams,OKC,SG,28.4,29.3,26.2,11.1,24,23,446,0.173,42.0,0.299,0.56,96.0,0.289,110.0,14,3.3,13.9,8.8,0.9,2.0,1.0,0,18,51,31,0,6,0.2297486296677002,1.0830173760768127,42.3,50.0,18.6,16.7,48.2,43.5
Josh Giddey,CHI,PG,32.1,41.1,24.4,19.3,123,52,1209,0.395,95.0,0.364,0.562,97.0,0.318,121.0,17,4.2,23.1,13.7,1.4,1.5,0.4,49,48,3,0,0,4,0.7195734420011095,4.802539150152603,74.4,58.6,20.4,31.0,30.7,40.8
Payton Pritchard,BOS,PG,32.4,23.5,21.4,8.7,47,30,1003,0.515,124.0,0.377,0.584,101.0,0.125,47.0,9,3.0,10.2,6.7,0.4,1.1,-0.3,100,0,0,0,0,2,-2.140941562614956,1.805615889485946,73.9,52.5,8.2,32.3,16.0,24.2
Andrew Nembhard,IND,PG,31.3,37.0,23.6,13.8,62,49,1053,0.393,95.0,0.361,0.564,97.0,0.311,118.0,17,1.5,8.4,4.9,0.4,1.4,-1.9,77,23,0,0,0,2,-1.3464572153391914,3.9475041717587662,77.0,50.5,6.5,20.6,15.4,38.4
Kristaps Porziņģis,2TM,C,24.0,16.1,27.3,8.2,24,9,194,0.412,99.0,0.338,0.582,100.0,0.407,154.0,9,5.6,18.5,11.9,4.5,1.1,0.3,0,0,0,0,100,1,2.336249271677282,-0.7919304205518182,33.6,46.9,67.8,73.2,15.3,43.6
OG Anunoby,NYK,PF,33.2,9.2,19.7,12.0,59,35,367,0.506,122.0,0.386,0.62,107.0,0.275,104.0,18,4.3,13.4,8.8,2.2,2.3,1.1,0,0,8,90,2,5,0.2428797106660467,0.0053826606947925,24.7,56.7,20.9,72.1,33.4,40.1
Stephon Castle,SAS,PG,30.0,34.5,24.9,18.0,115,71,1246,0.299,72.0,0.332,0.575,99.0,0.47,178.0,44,5.3,13.5,9.5,0.8,1.8,0.9,48,52,0,0,0,4,1.4205319487027812,6.039938214228863,70.4,53.0,15.8,16.9,34.0,66.0
Dejounte Murray,NOP,PG,27.8,35.4,26.6,18.9,20,22,210,0.341,82.0,0.306,0.58,100.0,0.247,94.0,5,1.1,19.9,10.4,0.7,2.8,0.5,96,4,0,0,0,2,-0.1908315129667665,1.623750833754798,67.0,42.2,15.5,19.4,28.7,31.8
Grayson Allen,PHO,SG,28.8,19.9,23.8,10.1,48,22,479,0.682,164.0,0.349,0.568,98.0,0.252,96.0,11,2.7,9.2,5.9,0.8,2.3,0.2,31,53,15,0,0,7,-2.343826629273506,0.912260289232374,48.0,79.5,6.1,43.9,41.3,25.3
Derrick White,BOS,SG,34.1,22.2,22.0,10.1,77,43,1012,0.578,139.0,0.327,0.529,91.0,0.184,70.0,20,3.7,10.4,7.1,3.8,1.7,1.0,22,75,4,0,0,7,-1.6228424091492797,2.26323147106905,53.8,71.9,21.3,42.9,41.4,27.2
Immanuel Quickley,TOR,PG,31.9,26.4,21.1,9.3,63,22,975,0.526,127.0,0.374,0.577,99.0,0.229,87.0,24,1.9,12.5,7.2,0.2,2.0,0.6,80,21,0,0,0,2,-1.5906489719702268,2.539735670026092,69.8,58.1,7.4,33.0,29.9,34.9
Matas Buzelis,CHI,PF,29.2,10.3,22.8,13.0,60,85,385,0.514,124.0,0.349,0.586,101.0,0.247,94.0,21,3.7,17.3,10.6,4.5,1.1,-0.4,0,0,12,80,8,5,0.734267213315393,1.005309408435359,28.6,55.5,34.0,76.3,19.6,36.9
Jrue Holiday,POR,PG,29.4,32.1,23.5,16.2,91,45,759,0.511,123.0,0.378,0.573,99.0,0.148,56.0,7,4.9,12.3,8.5,0.3,1.7,-0.5,75,25,0,0,0,2,-1.6432742887232488,2.809395661166729,68.6,59.1,8.8,33.4,23.2,25.4
Alex Sarr,WAS,C,27.2,15.9,25.7,10.2,26,40,332,0.229,55.0,0.333,0.544,93.0,0.223,84.0,18,8.5,20.9,14.6,6.4,1.4,-0.1,0,0,0,1,99,1,2.851157045563052,-0.3603900283757851,32.0,33.1,81.9,65.7,16.6,43.7
Dariq Whitehead,MEM,SF,30.5,7.5,24.1,9.4,7,2,22,0.645,155.0,0.317,0.51,88.0,0.075,29.0,1,1.2,13.2,7.1,0.0,1.0,-4.4,0,1,4,25,70,0,-2.8634544261226877,-2.3351756836902755,23.9,54.6,30.6,73.4,0.0,7.2
Aaron Gordon,DEN,PF,27.9,13.7,21.9,7.5,22,9,230,0.394,95.0,0.389,0.62,107.0,0.41,155.0,17,6.0,16.8,11.6,0.9,1.0,-1.2,0,0,0,79,21,5,1.2578871301263366,-0.7935156700325758,27.5,48.8,27.1,66.0,11.6,51.2
VJ Edgecombe,PHI,SG,35.0,17.4,20.1,11.0,68,51,754,0.409,98.0,0.354,0.54,93.0,0.176,67.0,19,5.0,12.7,8.8,1.4,2.0,-0.1,28,72,0,0,0,7,-1.231305210626,1.844518639827456,43.8,61.5,17.7,27.2,38.0,33.2
Domantas Sabonis,SAC,C,29.7,21.3,23.0,16.7,13,20,174,0.122,29.0,0.185,0.59,102.0,0.348,132.0,8,12.3,31.0,21.4,0.7,1.5,-0.2,0,0,0,18,82,1,4.4468039876503935,-0.8711551363160775,27.1,22.8,62.8,42.7,18.3,55.0
Jabari Smith Jr.,HOU,PF,35.1,7.3,18.2,9.0,39,40,352,0.501,121.0,0.363,0.57,98.0,0.215,81.0,15,4.5,17.0,10.8,2.4,1.0,-0.2,0,0,8,83,10,5,-0.081124970706655,-0.7588504829903544,22.6,51.4,27.2,73.1,20.4,32.3
Collin Sexton,2TM,SG,23.7,21.7,25.9,14.2,56,56,524,0.376,91.0,0.401,0.615,106.0,0.344,130.0,29,2.8,7.6,5.3,0.6,2.3,-0.5,35,54,11,0,0,4,-0.5362543301674285,2.89179568568668,48.8,67.4,10.3,22.2,36.2,51.0
Jarrett Allen,CLE,C,27.1,9.7,19.9,10.4,26,31,235,0.019,5.0,0.1,0.669,115.0,0.494,188.0,15,10.5,24.0,17.2,2.9,1.7,0.4,0,0,0,0,100,3,5.824287127929979,-0.737661619280551,18.4,17.6,76.4,31.9,23.5,72.9
Jaime Jaquez Jr.,MIA,SF,28.3,24.0,22.3,13.1,67,59,861,0.2,48.0,0.317,0.57,98.0,0.236,90.0,32,4.7,13.7,9.2,0.9,1.1,-0.1,1,12,38,50,0,4,0.5238081548654465,2.5834171863548767,42.4,46.1,19.3,27.0,33.6,50.5
Andrew Wiggins,MIA,SF,30.3,12.3,19.7,10.3,45,39,449,0.406,98.0,0.414,0.586,101.0,0.197,75.0,18,5.7,10.8,8.3,3.0,1.7,0.5,1,16,49,35,0,5,-0.4425065774180035,0.0318799844878013,27.9,66.6,24.4,46.3,46.4,37.8
Naji Marshall,DAL,SF,29.5,16.4,20.5,11.1,61,28,580,0.259,63.0,0.291,0.592,102.0,0.365,139.0,34,3.2,13.6,8.4,0.2,1.8,0.1,0,22,57,20,0,4,0.492002740430025,1.5487895172321973,31.7,57.7,15.6,16.8,49.4,56.6
Onyeka Okongwu,ATL,C,31.0,13.9,19.5,11.8,41,34,558,0.445,107.0,0.376,0.592,102.0,0.235,89.0,20,6.5,20.3,13.3,3.1,1.7,0.8,0,0,0,3,97,1,1.8043120742261185,-0.1588797157894763,30.4,48.3,62.5,75.6,25.2,40.6
Russell Westbrook,SAC,SF,29.0,34.3,25.9,18.5,146,47,951,0.452,109.0,0.338,0.528,91.0,0.218,83.0,13,4.7,16.6,10.5,0.6,2.2,-1.0,8,48,38,7,0,4,-1.0107290513264284,3.914491959536063,57.0,69.5,13.2,31.9,43.0,30.1
Nikola Vučević,2TM,C,28.4,17.7,21.4,9.2,49,20,524,0.339,82.0,0.369,0.574,99.0,0.116,44.0,5,7.5,23.9,15.8,2.0,1.0,0.1,0,0,0,1,99,1,1.4119007717896297,-0.7927232350142489,33.7,41.4,63.3,66.8,16.9,30.1
Anthony Black,ORL,PG,29.8,18.5,22.2,13.1,70,44,554,0.389,94.0,0.333,0.549,94.0,0.299,114.0,32,2.7,11.6,7.1,2.1,2.3,0.7,49,50,1,0,0,4,-0.4756607311736776,2.504469654156873,47.7,55.2,18.7,24.8,37.9,44.9
Kennedy Chandler,UTA,PG,32.3,29.4,20.7,12.9,14,9,163,0.277,67.0,0.395,0.529,91.0,0.314,119.0,5,1.8,9.7,5.6,0.5,1.5,-3.1,100,0,0,0,0,2,-1.503053485541086,0.7934754320521007,58.6,35.7,11.1,14.3,8.3,34.0
Brice Sensabaugh,UTA,SF,23.5,12.4,24.9,11.6,66,34,337,0.516,124.0,0.367,0.59,102.0,0.235,89.0,26,3.4,11.0,7.1,0.7,1.4,-3.0,0,24,56,20,1,0,-1.4661992520425469,0.8062685223979837,31.5,77.3,11.9,40.7,32.7,38.6
Ayo Dosunmu,2TM,SG,27.3,19.6,20.2,10.6,42,37,611,0.375,90.0,0.439,0.63,108.0,0.194,74.0,23,2.7,10.7,6.8,0.8,1.5,-0.3,29,58,12,0,0,7,-1.0764607750591657,1.3185899794672646,42.9,69.4,13.3,25.8,35.7,41.6
Kyshawn George,WAS,SF,29.0,22.4,22.8,16.5,64,47,510,0.451,109.0,0.381,0.559,96.0,0.227,86.0,13,3.3,15.9,9.5,2.7,1.6,-0.6,0,1,47,49,3,5,-0.3287630850932866,1.1690935802766058,37.0,62.3,23.2,54.7,36.1,31.6
Jaden McDaniels,MIN,PF,31.7,12.2,18.5,12.9,62,46,487,0.309,74.0,0.412,0.611,105.0,0.218,83.0,17,3.7,10.9,7.4,2.7,1.7,0.6,0,1,88,9,1,6,-0.150658560199689,0.5615168910604655,25.4,70.0,24.3,28.1,59.6,41.4
Peyton Watson,DEN,SF,29.6,9.7,20.6,12.3,44,31,285,0.339,82.0,0.411,0.594,102.0,0.325,123.0,16,3.6,14.4,9.3,3.6,1.5,-0.5,0,16,52,32,0,5,0.4732930505823211,-0.1155111500305267,22.7,64.5,29.6,42.2,41.9,44.1
Mikal Bridges,NYK,SF,32.8,15.9,17.3,7.6,44,23,774,0.436,105.0,0.371,0.587,101.0,0.102,39.0,11,3.3,9.7,6.5,2.4,2.0,1.4,0,8,65,27,0,0,-1.5280979265871488,-0.1473886256347955,34.4,68.3,18.7,40.4,57.7,26.8
Walker Kessler,UTA,C,30.8,13.7,16.5,25.9,8,3,36,0.216,52.0,0.75,0.786,135.0,0.541,205.0,2,15.7,22.3,18.9,5.6,2.1,1.7,0,0,0,0,100,3,6.456299870057117,-2.0761583879880563,11.8,64.0,84.8,88.0,32.8,76.2
Anfernee Simons,2TM,SG,24.9,14.6,23.6,9.1,33,26,337,0.585,141.0,0.385,0.576,99.0,0.119,45.0,10,2.5,8.1,5.4,0.6,1.0,-1.3,49,48,3,0,0,7,-2.9010666440111,0.1718432176459104,45.9,71.0,7.4,37.4,21.2,21.3
Jeremiah Fears,NOP,PG,25.8,19.9,25.5,13.8,105,50,656,0.304,73.0,0.33,0.525,90.0,0.245,93.0,28,3.0,12.4,7.7,1.3,2.2,-1.3,92,8,0,0,0,2,-0.7142087835454753,3.558393501485669,63.8,38.0,17.7,16.8,19.1,41.3
Cormac Ryan,MIL,SG,24.6,10.8,21.3,13.0,10,3,48,0.578,139.0,0.458,0.692,119.0,0.255,97.0,2,3.4,8.3,5.8,1.1,2.0,-1.8,20,72,8,0,0,7,-1.615227338398938,-1.3589601760522725,27.3,89.1,10.6,42.1,34.0,33.8
Scoot Henderson,POR,PG,24.9,22.8,25.0,15.9,46,18,279,0.474,114.0,0.352,0.553,95.0,0.292,111.0,5,2.6,9.1,5.8,1.1,1.7,-0.5,100,0,0,0,0,2,-1.4425145241604196,1.3446209923349015,61.7,48.2,10.9,28.8,17.4,29.4
P.J. Washington,DAL,PF,31.0,8.1,20.1,11.3,41,37,235,0.356,86.0,0.325,0.537,92.0,0.277,105.0,24,5.2,18.7,12.0,2.9,1.5,0.1,0,0,2,85,14,5,0.995200461898701,-0.3160551462240727,20.7,38.0,34.7,64.5,21.6,42.2
Ivica Zubac,2TM,C,30.1,11.3,19.2,13.6,30,32,249,0.0,0.0,0.0,0.622,107.0,0.295,112.0,22,13.3,27.2,20.4,2.6,0.6,-0.9,0,0,0,2,98,3,5.393182775071136,-1.0543335990797096,17.9,8.6,78.5,27.4,11.4,65.7
Tre Jones,CHI,PG,27.0,29.2,19.2,11.4,47,32,875,0.211,51.0,0.315,0.637,110.0,0.368,140.0,16,2.3,9.9,6.2,0.5,2.0,0.1,98,2,0,0,0,2,0.3987824726744242,2.761617756401029,68.8,35.9,13.1,5.7,25.1,52.1
Kelly Oubre Jr.,PHI,SF,31.5,7.3,18.2,10.2,26,26,184,0.439,106.0,0.36,0.58,100.0,0.267,101.0,20,3.4,14.2,8.7,1.4,2.1,-0.1,0,2,75,23,0,6,-0.5939131253261246,-0.8061535033689025,18.6,69.2,18.5,38.2,54.9,39.0
Santi Aldama,MEM,PF,27.9,15.7,20.2,9.5,32,15,311,0.42,101.0,0.35,0.572,98.0,0.239,91.0,17,6.0,20.2,13.0,2.4,1.5,0.4,0,0,9,84,7,5,0.6845183669130004,-0.8284004567895399,28.2,47.4,29.2,67.5,25.5,38.3
Keegan Murray,SAC,PF,34.5,6.8,18.7,7.7,11,12,91,0.373,90.0,0.277,0.499,86.0,0.163,62.0,3,4.5,14.4,9.3,4.2,1.5,-1.0,0,0,24,76,0,5,-0.7685944141540932,-2.3031747696503007,17.2,40.4,31.8,55.6,26.7,22.6
Devin Vassell,SAS,SG,30.5,11.0,18.0,6.9,34,17,399,0.572,138.0,0.384,0.574,99.0,0.172,65.0,11,2.1,11.8,7.1,1.1,1.3,0.3,16,54,31,0,0,7,-2.2491147350918497,-0.6004800319423296,31.1,78.2,12.3,39.0,44.4,24.4
Ace Bailey,UTA,SF,27.6,9.7,21.4,10.3,52,28,324,0.446,107.0,0.344,0.533,92.0,0.099,37.0,6,5.5,11.0,8.2,2.4,1.4,-2.5,0,4,51,41,5,0,-1.7325808185138782,-0.8365509882658697,25.8,60.1,23.1,48.3,30.3,21.9
Aaron Nesmith,IND,SF,29.7,9.4,19.8,10.1,28,18,212,0.541,130.0,0.379,0.554,95.0,0.217,82.0,14,3.8,11.6,7.6,1.5,0.9,-1.6,0,37,61,3,0,0,-1.8932017906961116,-0.9388974056686288,23.1,79.9,15.3,38.9,41.8,29.0
Brandin Podziemski,GSW,SG,28.5,19.2,20.1,11.9,72,31,789,0.476,115.0,0.371,0.583,100.0,0.278,106.0,19,3.4,16.9,10.0,0.6,1.8,-0.1,10,49,37,4,0,4,-0.675042206282622,1.5835664575208086,41.4,74.0,14.4,33.9,46.5,38.2
Jalen Suggs,ORL,PG,27.6,29.6,22.9,17.8,93,35,716,0.555,134.0,0.339,0.561,96.0,0.18,68.0,8,2.5,13.2,7.8,2.3,3.2,1.8,89,11,0,0,0,2,-1.3134271707599976,2.7408710363071047,69.3,55.0,15.5,38.8,39.6,23.3
De'Andre Hunter,2TM,SF,26.1,10.6,22.9,11.7,39,30,223,0.491,118.0,0.305,0.545,94.0,0.285,108.0,14,2.8,14.5,8.7,0.5,1.2,-1.5,0,4,59,37,0,5,-1.0496651629839864,-0.1656235414538761,26.1,64.8,13.4,42.5,35.2,32.5
Bobby Portis,MIL,PF,24.2,10.5,23.1,7.8,26,23,269,0.395,95.0,0.456,0.587,101.0,0.091,34.0,7,6.3,23.5,14.9,0.7,1.2,-1.6,0,0,8,68,24,5,-0.0824445975718951,-1.447018640720646,27.2,52.3,31.7,69.0,14.0,28.1
John Collins,LAC,PF,27.1,5.8,19.5,11.6,29,34,170,0.332,80.0,0.406,0.643,111.0,0.234,89.0,30,7.0,15.6,11.4,2.6,1.6,-0.5,0,0,0,89,10,5,1.3772176913415572,-0.814175854090154,17.2,46.8,32.3,65.6,19.5,52.8
Cedric Coward,MEM,SG,25.8,16.0,21.5,12.7,40,41,402,0.424,102.0,0.338,0.585,101.0,0.256,97.0,19,5.5,19.4,12.3,1.6,1.2,-0.6,1,65,30,4,0,7,0.0569058755913149,0.5093763195975114,30.7,72.5,22.7,32.6,40.3,40.5
Zach Edey,MEM,C,25.8,6.6,20.2,18.8,6,8,30,0.051,12.0,0.2,0.669,115.0,0.327,124.0,4,16.1,30.6,23.3,6.8,1.2,1.1,0,0,0,0,100,3,6.758938733276268,-2.9148056852734205,11.0,23.9,99.1,53.9,22.6,63.0
Ajay Mitchell,OKC,SG,25.8,20.1,21.8,10.9,47,24,506,0.298,72.0,0.347,0.585,101.0,0.275,104.0,18,3.1,10.6,7.0,1.2,2.3,1.6,13,40,43,4,0,6,-0.4376341952140825,1.0775089263693358,37.9,63.0,16.6,17.8,56.0,42.7
Naz Reid,MIN,C,26.1,12.4,22.1,12.0,60,41,422,0.514,124.0,0.362,0.565,97.0,0.141,54.0,17,5.0,20.8,13.1,3.4,1.8,1.0,0,0,0,45,55,5,0.6440227393169313,-0.0816639283927328,30.2,50.7,48.2,80.8,25.3,29.2
Cam Thomas,2TM,SG,21.0,21.0,30.3,12.1,33,29,270,0.364,88.0,0.31,0.53,91.0,0.367,139.0,19,1.4,8.1,4.6,0.4,0.5,-3.9,32,61,6,0,0,7,-1.5770369769653765,1.7426598253458636,47.8,58.9,9.0,15.5,8.3,40.5
Tim Hardaway Jr.,DEN,SG,26.6,6.9,18.5,4.7,20,14,253,0.706,170.0,0.407,0.624,107.0,0.252,95.0,14,0.9,9.5,5.4,0.4,1.0,-1.9,4,54,40,2,0,0,-2.6785338920002824,-1.1495333379984165,25.2,93.2,5.4,48.0,37.2,28.5
Reed Sheppard,HOU,SG,26.2,18.6,21.7,11.1,81,32,661,0.609,147.0,0.394,0.564,97.0,0.091,34.0,8,1.5,10.7,6.1,2.3,2.8,1.5,29,64,8,0,0,7,-2.599868671512716,1.2658733181710549,46.8,77.1,14.0,44.3,50.2,16.5
Toumani Camara,POR,PF,33.3,10.4,16.3,13.1,92,38,508,0.664,160.0,0.37,0.578,99.0,0.154,58.0,12,5.0,11.7,8.4,1.1,1.6,0.0,0,0,2,84,14,5,-1.308878763884059,0.0629868950191949,26.0,59.0,16.8,82.6,23.8,24.0
Quentin Grimes,PHI,SG,29.4,15.7,19.0,13.4,64,47,590,0.503,121.0,0.334,0.585,101.0,0.314,119.0,20,2.2,11.4,6.7,1.2,1.4,-0.6,1,55,43,0,0,4,-0.9891389793950018,1.4422579188727256,32.0,77.1,12.8,31.1,46.0,38.8
Jordan Poole,NOP,PG,23.9,18.3,25.1,12.3,36,29,269,0.649,156.0,0.333,0.53,91.0,0.257,97.0,12,1.0,7.9,4.4,1.5,1.1,-2.6,41,59,1,0,0,7,-2.822380766738887,0.8309674889639551,46.2,72.1,8.0,40.8,17.6,22.8
Tobias Harris,DET,PF,27.7,12.5,18.8,8.0,23,25,368,0.338,82.0,0.368,0.574,99.0,0.238,90.0,24,3.6,16.9,10.4,1.5,1.6,0.8,0,0,0,99,1,5,0.3606335383320916,-0.4613246727421912,25.4,40.4,22.5,61.1,24.9,42.1
Keldon Johnson,SAS,SF,23.3,8.5,21.0,7.4,28,28,266,0.343,83.0,0.363,0.613,105.0,0.243,92.0,20,7.9,16.6,12.4,0.5,1.2,-0.3,0,22,62,16,0,5,0.2715806265672834,-0.7119672554074366,23.4,68.7,21.1,29.6,45.6,46.8
Jaylon Tyson,CLE,SG,26.9,11.6,19.3,12.1,54,30,367,0.445,107.0,0.446,0.608,105.0,0.16,61.0,18,7.3,13.6,10.5,1.5,1.5,-0.5,0,23,55,23,0,0,-0.6125859233460784,-0.3051528507669225,25.2,75.3,20.3,44.9,45.1,37.7
Kyle Kuzma,MIL,PF,26.2,15.5,21.8,13.4,46,41,456,0.347,84.0,0.347,0.581,100.0,0.27,102.0,28,3.6,15.9,9.8,1.5,1.3,-1.3,0,5,52,43,0,5,0.1619628108274587,0.8668722182787845,30.4,58.7,20.8,39.1,34.7,45.9
Brandon Williams,DAL,PG,22.2,26.3,25.1,14.3,77,38,603,0.251,61.0,0.232,0.572,98.0,0.493,187.0,28,2.2,11.6,6.9,1.2,2.0,0.3,99,1,0,0,0,2,0.9986306076415704,3.7501760229300594,67.7,31.9,16.4,6.8,22.7,58.2
Sam Merrill,CLE,SG,26.5,12.3,17.0,7.5,25,11,290,0.775,187.0,0.421,0.644,111.0,0.143,54.0,8,2.2,8.4,5.3,0.5,1.2,-1.0,0,36,54,10,0,0,-3.065378269748738,-1.4860851947039169,26.7,97.9,3.5,57.1,44.6,20.6
Collin Gillespie,PHO,PG,28.5,23.3,18.7,12.4,68,36,903,0.686,165.0,0.401,0.575,99.0,0.103,39.0,9,4.2,12.0,8.0,0.7,2.1,0.6,88,12,0,0,0,2,-2.4150386980451124,1.7429976372198142,67.0,64.9,7.7,48.4,29.9,18.4
Deandre Ayton,LAL,C,27.2,4.5,16.7,11.1,20,35,144,0.0,0.0,0.0,0.676,116.0,0.235,89.0,13,11.5,22.6,17.2,3.3,1.0,-0.9,0,0,0,0,100,3,4.853871112200535,-2.033677317713392,9.9,11.5,79.1,26.3,15.4,60.7
GG Jackson II,MEM,PF,21.4,10.7,23.5,12.8,29,36,200,0.375,90.0,0.332,0.591,102.0,0.294,111.0,19,4.4,17.4,10.8,3.4,1.2,-1.2,0,0,23,33,43,5,1.2141883339406845,-0.3576973680667054,24.9,50.8,44.3,57.8,21.2,43.4
Malik Monk,SAC,SG,22.0,20.6,24.0,11.8,65,20,429,0.497,120.0,0.395,0.568,98.0,0.169,64.0,6,1.2,8.6,4.8,1.6,1.3,-2.1,35,57,8,0,0,7,-2.5433848491252324,0.927367377889682,46.5,70.0,11.5,33.0,23.7,22.9
Maxime Raynaud,SAC,C,26.5,7.6,18.2,11.2,34,31,234,0.11,27.0,0.324,0.619,106.0,0.25,95.0,16,7.9,24.3,15.8,1.8,0.9,-1.6,0,0,0,0,100,1,3.148976380279535,-1.1135607524688935,16.1,28.4,68.9,46.5,11.3,52.5
Jaylen Wells,MEM,SG,26.4,8.8,19.3,8.7,39,22,270,0.523,126.0,0.353,0.559,96.0,0.245,93.0,14,3.6,9.6,6.5,0.5,1.6,-1.4,0,9,77,13,1,0,-1.8922677468334803,-0.629947725094157,23.5,75.1,10.8,36.9,48.1,31.2
Max Christie,DAL,SG,29.1,9.3,16.5,10.9,43,35,358,0.615,148.0,0.404,0.601,103.0,0.192,73.0,9,0.7,10.9,5.9,1.0,1.0,-0.6,26,68,5,1,0,7,-2.337512681789558,-0.1086624681559533,29.7,78.8,9.8,42.4,32.3,24.0
Noah Clowney,BRK,PF,27.0,9.5,20.4,12.3,37,41,271,0.621,150.0,0.329,0.554,95.0,0.355,135.0,14,3.2,15.3,8.9,2.3,1.4,-1.1,0,0,15,81,4,5,-0.3300664110607352,-0.2178793578709526,25.0,58.5,19.8,75.7,21.3,33.2
De'Anthony Melton,GSW,PG,23.0,16.9,25.4,13.5,45,35,310,0.464,112.0,0.294,0.518,89.0,0.229,87.0,12,3.8,12.0,7.8,1.6,3.3,0.1,76,24,0,0,0,2,-1.3745586011848712,1.331952899629161,53.2,49.4,16.3,27.9,35.1,28.4
Jonathan Kuminga,2TM,PF,23.1,14.7,23.4,14.6,33,22,204,0.31,75.0,0.333,0.557,96.0,0.363,138.0,15,6.4,20.7,13.4,1.2,1.3,-0.5,0,0,1,79,20,5,1.5960375810304015,-0.2128695867984227,26.3,38.1,31.6,58.7,16.0,46.1
Donte DiVincenzo,MIN,SG,30.4,16.8,16.9,11.8,79,26,724,0.771,186.0,0.379,0.567,98.0,0.126,48.0,8,3.0,11.6,7.4,1.2,2.0,0.7,44,50,6,0,0,7,-2.8250392386863017,0.8088761171847132,47.4,79.8,8.3,54.4,40.5,15.0
Cameron Johnson,DEN,SF,30.5,10.6,15.1,8.2,25,17,312,0.539,130.0,0.43,0.629,108.0,0.236,89.0,11,3.1,10.6,7.0,1.2,1.2,-0.9,0,0,36,62,2,0,-1.152581733111985,-1.3518868283930476,21.6,67.9,13.9,62.6,31.6,33.4
Tre Johnson,WAS,SG,24.1,12.4,22.5,11.9,42,39,295,0.496,120.0,0.358,0.535,92.0,0.134,51.0,5,2.1,10.7,6.3,1.1,1.1,-2.9,13,71,16,0,0,7,-2.7400660135612136,0.1102962663190394,31.6,71.7,12.6,31.2,26.0,19.0
Duncan Robinson,DET,SG,27.4,10.1,15.8,6.7,32,13,357,0.768,185.0,0.41,0.629,108.0,0.158,60.0,13,1.6,9.2,5.4,1.0,1.0,-0.1,1,62,31,7,0,0,-2.907856942721873,-1.1776070973786523,25.8,95.7,6.1,56.2,43.5,22.4
Donovan Clingan,POR,C,27.2,11.4,16.9,10.9,43,30,381,0.36,87.0,0.341,0.604,104.0,0.297,113.0,24,17.7,28.6,23.1,5.5,1.0,0.6,0,0,0,0,100,1,4.898267015770842,-1.404335791548694,22.5,41.9,86.9,81.5,21.0,58.5
Moses Moody,GSW,SG,25.7,9.2,18.3,8.6,30,16,246,0.677,163.0,0.401,0.6,103.0,0.203,77.0,11,3.6,11.0,7.2,2.0,1.8,-0.3,0,18,61,21,0,0,-1.915799565532804,-1.3157519805576892,23.9,86.1,14.2,57.8,49.8,26.0
Christian Braun,DEN,SG,31.8,11.4,14.8,9.0,21,11,291,0.368,89.0,0.301,0.607,104.0,0.26,99.0,14,5.1,11.5,8.4,0.8,1.0,-0.9,0,42,42,16,0,0,-0.587842051748686,-1.1822025787296495,19.5,64.2,16.6,25.5,41.2,41.2
Josh Hart,NYK,SF,30.2,21.6,16.7,16.5,71,33,785,0.409,98.0,0.413,0.612,105.0,0.211,80.0,20,5.2,22.1,13.6,0.9,1.9,2.0,0,41,51,9,0,4,0.4284318124828813,1.223867500571791,35.0,74.9,20.9,36.6,60.8,40.8
Miles McBride,NYK,SG,26.3,13.5,18.2,7.2,13,12,260,0.671,162.0,0.413,0.578,99.0,0.116,44.0,4,2.5,7.9,5.2,0.9,1.6,0.2,33,67,0,0,0,7,-3.288286258180144,-1.09747490638349,35.8,79.6,6.9,45.9,36.4,15.9
Dyson Daniels,ATL,SG,33.2,23.9,16.0,14.0,78,38,1094,0.151,36.0,0.188,0.542,93.0,0.157,60.0,21,7.8,14.7,11.2,1.1,2.8,1.8,1,46,52,1,0,4,0.373652290385398,1.9800939757530769,39.6,46.9,23.5,0.8,67.8,43.3
Blake Hinson,UTA,SF,20.4,8.3,18.3,3.9,3,1,36,0.687,165.0,0.468,0.684,118.0,0.139,53.0,2,4.1,8.6,6.3,0.7,0.8,-3.0,0,0,3,69,28,0,-1.9407654845157805,-2.997143862807764,21.0,73.0,17.3,86.2,6.3,24.7
Myles Turner,MIL,C,26.9,7.7,18.6,10.3,26,26,261,0.594,143.0,0.383,0.584,101.0,0.274,104.0,19,4.5,17.8,11.2,6.0,1.3,0.0,0,0,0,0,100,1,1.3966498595480898,-1.3726617169019033,22.2,56.2,70.6,92.2,19.9,35.5
Wendell Carter Jr.,ORL,C,29.3,9.5,15.6,11.8,30,31,374,0.355,85.0,0.319,0.617,106.0,0.392,149.0,20,7.8,20.5,14.1,1.9,1.3,0.5,0,0,0,0,100,1,3.005001594362698,-0.6840261610921691,19.6,41.1,62.1,63.7,23.3,54.2
Dylan Harper,SAS,SG,22.6,24.7,21.8,12.3,43,34,663,0.271,65.0,0.343,0.574,99.0,0.181,69.0,19,3.8,12.1,8.1,1.4,1.7,1.1,9,60,31,0,0,7,-0.6212458262084778,1.4247869381953582,41.9,62.3,18.5,15.5,49.4,39.0
Julian Reese,WAS,PF,30.9,8.4,17.7,18.8,11,12,58,0.0,0.0,0.0,0.557,96.0,0.37,140.0,4,14.4,22.3,18.3,1.7,2.1,-2.2,0,0,0,4,96,3,4.477649025982765,-2.026054334260184,9.7,3.6,72.1,23.5,17.3,57.2
Nic Claxton,BRK,C,27.8,21.8,17.7,12.3,35,28,616,0.033,8.0,0.158,0.592,102.0,0.393,149.0,31,9.6,19.9,14.5,3.7,1.2,0.6,0,0,0,0,100,1,4.61352710325767,0.5511038539840089,30.4,14.7,74.3,35.4,22.0,68.7
Isaiah Collier,UTA,PG,25.7,39.2,20.4,19.6,86,39,1033,0.194,47.0,0.27,0.567,97.0,0.406,154.0,20,1.5,9.4,5.3,1.3,2.0,-1.8,52,46,2,0,0,2,0.1096509887147127,4.296397436982827,64.8,41.2,14.1,3.2,26.8,50.7
Bilal Coulibaly,WAS,SG,26.2,13.9,19.9,11.6,44,27,354,0.377,91.0,0.319,0.531,91.0,0.327,124.0,16,3.5,14.5,8.9,3.2,2.4,-0.4,2,41,50,7,0,6,-0.2880435764852651,0.2794106387082978,27.0,64.2,26.2,29.9,52.9,38.5
Derik Queen,NOP,C,25.0,21.1,21.8,18.0,91,67,683,0.118,28.0,0.261,0.546,94.0,0.365,138.0,26,7.2,23.5,15.2,3.5,2.0,0.7,0,0,0,16,84,1,3.887307643675755,2.4673187296520056,34.4,22.4,67.3,47.4,25.7,57.0
Klay Thompson,DAL,SF,21.7,9.5,22.7,7.8,33,20,218,0.724,174.0,0.383,0.541,93.0,0.065,24.0,0,1.3,8.8,5.1,1.2,1.0,-1.5,5,38,53,5,0,0,-3.978214925923395,-1.2406155294944707,29.9,88.5,7.5,50.9,38.5,6.2
Mark Williams,PHO,C,23.6,6.3,17.4,11.2,17,18,144,0.002,1.0,1.0,0.68,117.0,0.4,152.0,28,14.0,23.7,18.7,3.7,1.9,0.5,0,0,0,0,100,1,4.890139428305922,-1.2876355766149794,11.7,55.7,82.2,79.8,26.4,78.6
Obi Toppin,IND,PF,17.7,21.2,24.8,11.3,16,8,132,0.528,127.0,0.352,0.636,109.0,0.231,88.0,4,3.3,24.4,13.6,0.2,1.3,-0.4,0,0,3,94,3,5,0.2273938855759056,-1.1558327909745505,33.7,57.9,16.8,73.4,16.4,30.9
Jarace Walker,IND,PF,25.7,14.3,20.7,14.6,69,53,448,0.486,117.0,0.374,0.543,93.0,0.25,95.0,15,2.7,19.5,10.9,1.1,1.5,-0.7,0,2,58,40,0,5,-0.5592874666199403,0.942056583010553,29.5,65.7,18.0,50.0,40.6,31.1
Rui Hachimura,LAL,PF,28.3,4.1,15.2,6.3,19,11,140,0.439,106.0,0.443,0.62,107.0,0.121,46.0,6,2.6,10.9,6.9,1.0,1.0,-1.5,0,0,1,89,10,5,-1.4172245596556003,-2.3883239832614147,13.9,51.6,18.6,68.0,14.2,27.1
Kyle Filipowski,UTA,C,23.4,15.7,20.0,14.3,61,40,466,0.347,84.0,0.325,0.586,101.0,0.323,122.0,17,8.4,25.1,16.6,2.1,1.9,-0.5,0,0,0,16,84,1,2.802441222138805,0.3221550209628771,28.7,40.3,59.8,66.1,21.3,47.7
Pelle Larsson,MIA,SG,26.4,16.8,16.8,13.3,62,27,563,0.343,83.0,0.323,0.605,104.0,0.413,157.0,26,3.8,9.9,6.8,0.8,1.2,0.0,1,28,68,3,0,4,0.1985583645284154,1.2087378125767534,28.5,68.3,14.3,18.6,52.4,54.2
Scotty Pippen Jr.,MEM,PG,21.2,33.8,26.1,20.3,16,5,114,0.333,80.0,0.313,0.537,92.0,0.24,91.0,1,4.0,7.3,5.6,1.7,4.2,-0.3,100,0,0,0,0,2,-1.290641669640546,1.1024198154990072,64.3,37.8,14.1,17.2,34.4,29.1
Sandro Mamukelashvili,TOR,C,21.9,12.4,18.8,8.7,37,12,366,0.469,113.0,0.389,0.637,110.0,0.25,95.0,22,6.9,18.8,12.8,2.3,1.8,0.7,0,0,0,8,93,1,1.69904422473843,-1.0049829628085212,26.4,53.1,57.1,76.2,25.8,45.2
Max Strus,CLE,SF,24.0,11.3,17.4,7.6,7,2,55,0.774,186.0,0.402,0.609,105.0,0.085,32.0,0,3.5,21.3,12.4,0.0,0.5,-1.3,0,1,36,63,0,0,-2.1354513910704958,-2.968247307503006,22.3,79.8,10.2,80.7,24.4,12.5
Julian Champagnie,SAS,SF,27.6,7.3,15.2,8.4,43,14,310,0.743,179.0,0.381,0.609,105.0,0.196,74.0,8,3.6,18.4,11.2,1.5,1.3,0.8,0,5,52,43,1,0,-1.2415086964307496,-1.7108658158729275,21.5,82.2,16.3,72.7,46.0,22.9
Isaiah Joe,OKC,SG,21.2,8.6,18.4,7.0,23,14,235,0.788,190.0,0.423,0.657,113.0,0.227,86.0,8,2.5,10.2,6.5,0.7,1.6,0.5,55,46,0,0,0,7,-2.28351365319256,-0.9181851197442163,39.3,86.5,6.1,56.0,33.2,25.7
Cam Spencer,MEM,SG,23.8,33.1,17.2,13.1,68,19,946,0.585,141.0,0.449,0.649,112.0,0.241,91.0,12,2.5,9.2,5.8,0.6,1.4,-0.8,53,43,4,0,0,2,-1.7167426446892249,2.039440518531246,62.3,75.5,5.2,41.0,28.4,33.7
Kel'el Ware,MIA,C,22.1,4.6,18.0,8.2,28,18,139,0.359,86.0,0.395,0.616,106.0,0.148,56.0,10,13.1,29.2,21.1,4.4,1.6,0.1,0,0,0,0,100,1,3.2369786995021417,-2.756088534857708,15.6,45.4,81.2,79.9,22.6,41.3
Alondes Williams,WAS,SG,25.3,16.8,14.3,14.5,4,0,27,0.538,130.0,0.357,0.745,128.0,0.308,117.0,2,5.2,21.7,13.3,2.6,1.4,-0.5,0,53,43,4,0,6,1.0281590593722882,-2.316128614799953,18.0,89.0,25.5,45.5,48.3,43.0
Rudy Gobert,MIN,C,31.3,7.2,12.9,14.5,37,40,326,0.01,2.0,0.0,0.664,114.0,0.615,233.0,26,14.1,25.9,20.1,4.5,1.2,0.9,0,0,0,0,100,3,7.67324591946702,-0.5747617833296792,10.3,9.8,86.8,32.4,25.5,87.2
Jusuf Nurkić,UTA,C,26.4,25.4,19.3,19.9,56,22,454,0.198,48.0,0.352,0.548,94.0,0.316,120.0,11,10.3,32.6,21.2,2.0,2.3,1.6,0,0,0,0,100,1,4.057238397654594,0.248642494414347,31.0,30.1,71.8,59.9,32.4,47.8
Dennis Schröder,2TM,PG,24.2,27.7,21.0,14.7,77,32,805,0.362,87.0,0.329,0.526,90.0,0.326,124.0,20,2.1,10.5,6.2,0.6,1.6,-1.3,100,0,0,0,0,2,-1.013751302241527,3.1997311456857083,69.5,37.5,10.8,18.2,15.7,39.2
Tyler Burton,MEM,SF,25.6,5.4,18.3,8.2,9,1,29,0.589,142.0,0.333,0.521,90.0,0.241,91.0,5,2.8,15.1,8.8,1.2,1.7,-1.9,0,0,28,48,25,5,-1.5764073142017665,-2.371757069364875,16.8,57.7,23.7,66.3,26.4,21.3
Daeqwon Plowden,SAC,SG,26.4,6.7,16.4,8.0,11,10,100,0.667,161.0,0.333,0.572,98.0,0.176,67.0,8,4.2,8.7,6.4,0.8,1.3,-2.3,6,38,46,10,0,0,-2.7906142304425026,-2.05240204000247,19.5,80.8,9.0,46.0,37.8,22.0
Bub Carrington,WAS,PG,27.7,23.0,18.0,19.5,142,33,886,0.559,135.0,0.408,0.556,96.0,0.15,57.0,7,1.5,11.7,6.5,0.7,1.1,-2.5,87,13,0,0,0,2,-2.412073645047031,2.9258460869751537,62.3,56.7,8.4,37.8,11.9,20.0
Jakob Poeltl,TOR,C,25.0,11.7,15.3,13.9,26,11,216,0.0,0.0,0.0,0.698,120.0,0.316,120.0,12,11.2,20.8,16.0,2.7,1.7,1.4,0,0,0,0,100,3,5.243682902670805,-1.7393579357329096,13.7,12.5,74.2,23.8,29.6,65.7
Jock Landale,2TM,C,22.1,11.1,18.3,9.0,24,12,289,0.352,85.0,0.383,0.595,102.0,0.23,87.0,6,12.9,14.9,13.9,2.2,1.1,-1.0,0,0,0,0,100,1,1.7415907435660516,-1.956118780225854,22.5,43.1,62.9,67.3,14.9,42.1
Marvin Bagley III,2TM,PF,20.0,10.8,18.6,11.4,22,21,210,0.127,30.0,0.462,0.661,114.0,0.35,133.0,14,13.2,19.3,16.3,3.1,1.1,-1.0,0,0,0,2,98,1,4.07401257440813,-1.4443100872331414,18.2,38.5,73.2,58.3,14.7,63.7
Tari Eason,HOU,PF,25.8,8.0,18.7,11.7,38,20,216,0.448,108.0,0.358,0.514,88.0,0.116,44.0,11,9.0,17.8,13.5,1.7,2.3,0.2,0,1,58,39,2,5,-0.7026340447706291,-1.4683791807388598,19.8,59.8,25.9,50.4,50.2,26.7
Adama-Alpha Bal,MEM,SG,30.1,10.6,13.5,7.7,2,2,47,0.647,156.0,0.409,0.573,99.0,0.147,56.0,1,2.6,8.7,5.6,0.4,1.8,-1.8,0,14,51,31,4,0,-3.080381290982956,-2.6244311498931787,16.6,77.0,7.6,56.0,41.7,16.5
A.J. Green,MIL,SG,29.1,9.2,14.0,10.4,38,23,384,0.896,216.0,0.419,0.627,108.0,0.1,38.0,3,1.5,9.1,5.3,0.4,0.8,-1.8,17,61,22,0,0,0,-3.868811130218525,-1.2295462474000058,28.3,99.6,1.2,62.3,32.8,10.7
Caleb Love,POR,SG,20.7,18.4,23.0,10.8,33,26,301,0.596,144.0,0.318,0.497,86.0,0.1,38.0,0,2.6,9.7,6.1,0.4,1.3,-1.6,86,12,2,0,0,7,-3.3714382655601742,0.2732527071399247,56.4,52.9,6.7,35.0,14.7,9.7
Lucas Williamson,MEM,SG,32.0,10.8,16.4,11.3,5,5,45,0.707,170.0,0.283,0.465,80.0,0.107,40.0,2,5.2,13.3,9.2,0.4,2.3,-2.1,16,77,7,0,0,7,-3.5974936040646868,-2.0279086456737625,23.3,72.3,9.4,44.4,37.9,7.6
Egor Dёmin,BRK,PG,25.2,20.7,18.8,15.3,51,23,439,0.717,173.0,0.385,0.561,97.0,0.145,55.0,1,1.8,13.5,7.3,1.2,1.6,-0.7,76,25,0,0,0,7,-2.700440848239625,0.4787899656386902,53.6,68.6,8.6,50.5,24.2,12.8
DaQuan Jeffries,SAC,SG,20.0,2.5,15.0,0.0,0,0,3,0.474,114.0,0.444,0.731,126.0,0.263,100.0,1,5.4,3.8,4.7,0.0,1.6,-1.1,0,16,63,22,0,0,-1.34835037094604,-3.035767737028162,12.4,84.4,8.2,38.1,47.4,41.3
Will Riley,WAS,SF,22.1,12.7,20.2,11.9,48,25,347,0.4,96.0,0.316,0.548,94.0,0.291,110.0,18,3.6,10.4,7.0,0.5,1.6,-2.6,0,0,15,77,8,5,-0.7734221829093915,0.0980336561049838,26.1,44.9,15.6,52.3,17.0,38.2
Khris Middleton,2TM,SF,22.8,17.3,20.6,15.3,67,27,420,0.344,83.0,0.36,0.533,92.0,0.252,96.0,11,3.8,13.4,8.6,0.5,1.3,-1.5,0,4,27,67,2,5,-0.6594238180165295,0.5676181549703541,29.2,47.4,15.9,45.8,24.5,33.7
Neemias Queta,BOS,C,25.3,9.3,14.7,11.5,23,22,315,0.016,4.0,0.125,0.674,116.0,0.351,133.0,17,13.4,22.7,18.1,5.2,1.6,2.0,0,0,0,0,100,3,5.959187230950473,-1.6802818956634675,14.1,17.0,86.8,39.1,31.5,69.5
D'Angelo Russell,DAL,PG,19.0,31.2,26.0,15.9,36,11,247,0.483,116.0,0.295,0.511,88.0,0.259,98.0,0,1.7,11.2,6.5,0.3,1.1,-1.6,77,23,0,0,0,2,-2.1280854461712,1.17071177654119,61.7,49.9,7.1,25.3,13.3,21.3
Jalen Smith,CHI,C,20.7,8.5,19.0,10.6,19,16,160,0.545,131.0,0.373,0.608,105.0,0.23,87.0,15,9.6,24.6,17.2,3.3,1.0,-0.9,0,0,0,38,62,1,1.7981070540688702,-2.1371244577993957,20.7,54.8,55.0,87.1,14.2,38.8
Ziaire Williams,BRK,SF,22.9,7.4,18.9,10.7,28,21,139,0.58,140.0,0.343,0.579,100.0,0.323,123.0,14,2.6,10.0,6.1,1.5,2.9,0.4,1,22,63,12,3,6,-1.3008556842533463,-0.7433033270177987,20.1,78.5,14.1,43.1,61.1,34.0
Precious Achiuwa,SAC,C,23.9,8.5,17.6,9.0,16,31,237,0.162,39.0,0.278,0.558,96.0,0.232,88.0,15,11.0,20.8,15.8,2.6,1.8,-1.1,0,0,0,83,17,5,2.097885409690728,-1.4843880352528878,17.3,24.9,42.9,50.3,19.5,47.8
Derrick Jones Jr.,LAC,SF,27.0,7.3,15.1,8.7,19,11,167,0.404,97.0,0.359,0.6,103.0,0.245,93.0,22,5.4,9.4,7.5,3.5,1.7,-0.1,0,29,60,11,0,6,-0.4514915194426127,-1.517711555212831,15.4,70.3,26.2,34.9,53.3,43.0
Kevin Huerter,2TM,SF,22.4,16.1,18.8,10.3,48,19,414,0.545,131.0,0.308,0.552,95.0,0.119,45.0,12,2.4,14.2,8.4,1.9,1.9,0.5,0,27,63,10,0,0,-1.8987738235773464,-0.4073804668584372,30.0,74.4,16.8,39.8,55.8,21.6
Jordan Miller,LAC,SF,22.1,15.1,18.0,11.7,25,27,341,0.276,66.0,0.345,0.628,108.0,0.439,166.0,9,4.5,11.3,8.0,0.8,1.7,-0.4,9,41,41,8,1,6,0.599242698623015,0.1545416190030511,26.5,62.9,17.7,17.8,45.7,51.7
Toby Okani,MEM,SG,36.2,3.7,14.7,3.9,1,0,15,0.443,107.0,0.29,0.408,70.0,0.114,43.0,0,4.4,6.1,5.2,1.3,0.9,-3.9,0,2,20,62,16,0,-3.380569867841223,-3.0811428731138726,11.7,36.5,19.8,51.9,12.4,10.0
Olivier-Maxence Prosper,MEM,PF,18.6,7.8,18.9,10.5,19,20,123,0.423,102.0,0.405,0.662,114.0,0.326,124.0,16,6.4,14.3,10.3,1.2,1.9,-1.2,0,2,19,63,16,5,0.8238539610736473,-1.301557488036507,18.3,59.3,25.3,60.9,27.0,49.0
Isaiah Stewart,DET,C,22.7,6.9,16.6,12.7,17,21,154,0.299,72.0,0.333,0.632,109.0,0.326,124.0,14,8.3,16.3,12.4,7.0,0.6,1.1,0,0,0,25,75,1,3.340155039948669,-1.9554635142824768,14.1,39.9,73.5,70.6,20.4,51.1
Harrison Barnes,SAS,PF,25.8,9.7,14.6,8.8,34,19,345,0.623,150.0,0.388,0.608,105.0,0.214,81.0,11,3.5,7.9,5.8,0.5,1.2,0.1,0,0,4,88,8,5,-1.534597404964504,-1.2383417435668354,21.8,59.5,10.2,76.0,23.2,28.7
Tristan Da Silva,ORL,SF,24.7,9.3,16.2,9.4,42,14,285,0.518,125.0,0.374,0.576,99.0,0.153,58.0,7,3.4,13.4,8.3,1.2,1.7,0.1,0,4,83,13,0,0,-1.7451247637153635,-1.3455685111206346,20.8,76.3,15.4,40.5,57.5,24.4
Ausar Thompson,DET,SF,26.0,16.3,16.9,14.3,52,38,538,0.042,10.0,0.25,0.545,94.0,0.331,126.0,16,9.0,15.6,12.4,3.6,3.7,3.6,0,3,80,17,0,6,2.35246457886012,0.6713838396633296,24.2,40.7,38.2,8.5,82.6,54.2
Royce O'Neale,PHO,SF,28.4,12.8,14.3,13.8,64,16,505,0.832,200.0,0.408,0.596,103.0,0.061,23.0,1,2.9,16.3,9.3,1.4,1.9,1.0,0,7,69,23,0,0,-2.6259403957543714,-1.1781920749856385,27.1,92.9,10.7,71.2,58.3,8.6
Zach Collins,CHI,C,18.4,12.0,18.8,12.1,4,3,36,0.328,79.0,0.429,0.666,115.0,0.313,119.0,4,9.4,22.8,16.2,1.9,0.5,-0.7,0,0,0,5,95,1,2.896629743249,-2.4681482634742924,18.0,48.9,63.1,69.1,11.7,48.2
Micah Potter,IND,C,19.3,11.2,18.0,12.2,18,14,168,0.573,138.0,0.423,0.679,117.0,0.345,131.0,4,6.8,21.4,14.0,1.4,1.2,-0.8,0,0,0,8,92,1,1.8611877411584088,-1.861214042989125,21.5,63.2,52.8,84.4,16.4,41.4
Javon Small,MEM,PG,20.2,26.1,19.0,14.7,37,13,368,0.493,119.0,0.423,0.611,105.0,0.285,108.0,10,4.6,12.2,8.3,1.0,1.9,-0.6,95,5,0,0,0,2,-0.8064007437547127,0.8630667642984275,58.8,55.6,12.6,35.8,22.4,36.8
Zaccharie Risacher,ATL,SF,22.4,6.8,17.6,9.2,22,22,184,0.481,116.0,0.368,0.557,96.0,0.168,64.0,11,5.0,13.6,9.3,2.2,1.9,-0.2,0,2,90,8,0,0,-1.296454740231733,-1.5778840310683488,18.4,74.7,21.7,38.7,59.3,28.1
Daniel Gafford,DAL,C,21.7,7.0,15.8,14.0,29,19,136,0.0,0.0,0.0,0.677,116.0,0.509,193.0,19,12.3,21.1,16.7,4.9,1.7,1.2,0,0,0,0,100,3,6.588066783236987,-1.4035504063465158,9.7,11.2,84.6,29.6,28.6,78.2
Jay Huff,IND,C,21.0,10.4,18.0,10.4,32,20,298,0.61,147.0,0.319,0.598,103.0,0.162,61.0,16,4.5,16.2,10.3,7.6,1.1,1.3,0,0,0,0,100,1,1.211269919032943,-1.7285078093391284,24.1,55.1,75.2,93.1,23.8,28.9
T.J. McConnell,IND,PG,17.2,50.0,23.2,12.1,35,21,719,0.111,27.0,0.32,0.567,98.0,0.064,24.0,5,2.4,11.8,7.0,0.9,2.8,0.4,100,0,0,0,0,2,-1.1247061531262856,2.5447776351825344,82.7,26.5,14.6,0.0,29.2,29.4
Svi Mykhailiuk,UTA,SF,23.1,11.0,14.8,10.1,18,16,227,0.663,160.0,0.408,0.626,108.0,0.077,29.0,6,3.3,8.4,5.8,0.3,1.1,-2.0,0,62,35,2,0,0,-3.170536101775076,-1.7376635959769136,20.8,90.3,5.7,44.9,39.0,19.3
Aaron Wiggins,OKC,SG,21.8,10.6,19.9,12.5,43,31,261,0.504,121.0,0.356,0.538,93.0,0.134,51.0,4,3.3,11.7,7.6,1.9,2.1,0.7,2,31,48,18,0,7,-1.8908382147256493,-0.5996618613254765,24.3,70.2,17.5,41.3,52.3,19.6
Daniss Jenkins,DET,PG,20.2,25.8,21.5,15.3,68,33,655,0.343,83.0,0.374,0.525,90.0,0.283,108.0,8,4.0,8.7,6.4,1.0,2.1,0.1,92,8,0,0,0,2,-1.0929284398186396,2.4370557802557964,63.7,40.7,13.3,20.2,25.8,33.4
Davion Mitchell,MIA,PG,28.6,29.1,13.6,16.1,76,21,1128,0.428,103.0,0.395,0.582,100.0,0.122,46.0,3,1.6,8.0,4.8,0.5,1.6,0.4,100,0,0,0,0,2,-2.1634671881539758,2.187208552815996,69.2,45.4,7.2,25.2,25.9,22.5
Isaac Okoro,CHI,SG,26.9,7.8,13.6,8.3,20,18,252,0.481,116.0,0.33,0.574,99.0,0.244,93.0,12,4.4,6.4,5.4,1.5,1.3,-0.8,0,33,61,6,0,0,-1.717445730203666,-1.3889575858110732,16.6,72.4,14.1,31.0,49.9,33.2
Landry Shamet,NYK,SG,23.0,8.2,15.7,7.0,20,6,185,0.723,174.0,0.392,0.598,103.0,0.209,79.0,6,2.2,6.6,4.4,0.8,1.3,0.1,3,85,12,0,0,7,-3.071460522777467,-1.5953797814008333,21.4,90.7,5.3,47.9,43.5,21.3
Marcus Smart,LAL,SG,28.5,13.6,15.4,14.7,62,17,417,0.616,148.0,0.331,0.543,93.0,0.271,103.0,13,2.5,8.7,5.7,1.2,2.4,0.6,25,72,3,0,0,7,-2.107636802607093,0.4470760550444114,31.1,71.7,9.7,38.7,46.9,27.2
Jaden Hardy,2TM,SG,15.8,9.7,24.4,11.8,31,24,134,0.611,147.0,0.397,0.566,97.0,0.175,66.0,6,1.8,8.5,5.1,0.6,0.8,-3.3,27,60,13,0,0,7,-3.093769237187604,-0.3849160791665517,33.7,78.9,7.3,39.7,18.1,20.2
Isaiah Hartenstein,OKC,C,24.2,20.1,16.1,19.3,42,14,390,0.024,6.0,0.0,0.631,109.0,0.355,135.0,15,14.8,27.0,21.1,3.1,2.0,3.2,0,0,0,0,100,3,6.262166171097442,-0.753525199848704,21.7,9.5,80.2,31.0,38.1,66.6
Sam Hauser,BOS,PF,24.8,7.9,14.5,5.4,17,11,293,0.839,202.0,0.393,0.59,101.0,0.033,13.0,4,3.3,13.6,8.5,1.2,1.0,0.0,0,0,20,77,3,0,-2.915116856933461,-2.665418516896419,22.8,75.6,10.6,90.8,27.8,8.3
Corey Kispert,2TM,SF,18.6,11.8,18.6,9.3,23,11,224,0.602,145.0,0.367,0.609,105.0,0.246,93.0,13,2.7,10.7,6.6,0.7,0.7,-2.0,0,26,65,9,0,0,-1.9172470295239392,-1.1411146390497644,24.5,84.5,9.4,42.4,38.9,31.3
Taurean Prince,MIL,SF,23.5,10.7,16.2,13.8,23,7,116,0.733,177.0,0.436,0.617,106.0,0.031,12.0,2,0.7,14.1,7.5,1.0,1.3,-1.8,0,20,69,11,0,0,-3.2377488154542347,-2.214531335725748,19.6,94.2,9.2,58.1,45.2,10.1
Gui Santos,GSW,PF,20.5,16.7,18.7,16.6,57,27,397,0.483,116.0,0.351,0.609,105.0,0.261,99.0,15,5.9,15.6,10.6,1.5,2.1,0.3,0,0,19,79,2,5,0.3699777409340936,0.0577708331454824,27.6,56.0,19.6,64.4,33.8,39.2
Cam Whitmore,WAS,SF,16.9,6.5,23.7,9.0,6,10,38,0.331,80.0,0.286,0.528,91.0,0.183,70.0,7,5.7,12.0,8.8,2.0,2.0,-2.1,0,6,57,37,0,5,-1.0722070981980651,-1.8286370895846384,20.1,53.9,23.3,32.9,37.5,29.9
Quenton Jackson,IND,PG,18.3,23.1,20.9,14.0,31,18,346,0.36,87.0,0.356,0.589,101.0,0.363,138.0,13,3.3,10.7,6.9,0.6,1.6,-0.8,85,15,0,0,0,2,-0.4408589301142669,1.221926203680179,54.6,47.0,12.4,20.1,20.7,43.4
Devin Carter,SAC,PG,18.4,20.9,23.5,13.9,34,13,228,0.39,94.0,0.263,0.508,87.0,0.322,122.0,9,5.6,14.6,10.0,1.2,2.3,-1.2,95,5,0,0,0,2,-0.5532519033535298,0.8063107219901611,56.5,37.2,18.2,21.7,20.5,34.6
Herbert Jones,NOP,SF,28.4,12.9,15.2,12.6,45,15,360,0.542,131.0,0.309,0.491,84.0,0.13,49.0,6,3.2,9.8,6.4,1.6,2.7,0.6,17,58,23,2,0,7,-2.75885742237803,-0.5288981718753005,27.2,65.1,13.7,34.2,54.0,15.7
Nolan Traoré,BRK,PG,22.2,27.2,22.8,19.9,70,45,542,0.401,97.0,0.318,0.479,82.0,0.196,74.0,7,1.2,8.4,4.6,1.7,1.8,-2.0,97,3,0,0,0,2,-2.20714542728609,2.657040054484413,64.4,37.5,12.6,21.8,14.1,21.2
Danny Wolf,BRK,PF,20.8,17.1,20.6,13.0,41,22,305,0.48,116.0,0.322,0.521,90.0,0.248,94.0,6,5.3,23.2,13.8,2.5,1.2,-0.3,0,0,0,78,22,5,0.5011767644473987,-0.7053066523982447,29.1,43.4,34.2,74.8,17.1,27.5
John Poulakidas,DAL,SG,19.5,6.1,16.2,4.1,3,1,29,0.846,204.0,0.403,0.611,105.0,0.077,29.0,1,1.7,10.8,6.3,1.3,1.3,-1.2,4,49,47,0,0,0,-3.808731536212549,-2.9913448350194747,20.1,100.0,7.5,60.7,44.8,9.1
Payton Sandfort,OKC,SF,15.8,0.0,19.8,3.5,0,0,0,0.654,158.0,0.412,0.63,108.0,0.154,58.0,0,1.8,14.9,8.6,0.0,0.8,-3.3,0,0,73,27,0,0,-2.564393732172456,-3.181499917126565,16.3,86.6,9.7,55.4,31.9,19.6
Cody Williams,UTA,SG,24.3,11.4,16.0,11.5,28,31,333,0.257,62.0,0.214,0.524,90.0,0.234,89.0,10,3.9,9.3,6.6,1.5,1.5,-1.9,3,46,43,9,0,7,-1.097387508665551,-0.3929507158702473,20.3,50.1,19.4,10.1,41.4,34.3
Justin Champagnie,WAS,SF,20.0,8.7,16.7,8.2,26,10,211,0.359,87.0,0.319,0.589,101.0,0.221,84.0,14,11.1,19.0,15.0,2.7,2.0,-1.0,0,16,61,22,1,5,0.7743574783412334,-1.918007415228537,18.3,62.5,33.0,38.6,48.8,43.3
Jordan Goodwin,PHO,PG,22.5,13.6,17.5,10.5,38,20,357,0.544,131.0,0.371,0.525,90.0,0.101,38.0,6,9.4,14.8,12.0,0.9,3.3,1.5,40,52,8,0,0,7,-1.6613396233136293,-0.6228604258217321,36.5,64.9,17.5,40.0,53.2,21.9
Day'Ron Sharpe,BRK,C,18.7,21.1,19.9,20.0,33,29,356,0.11,26.0,0.231,0.638,110.0,0.427,162.0,14,16.2,25.7,20.7,2.1,2.9,1.0,0,0,0,0,100,3,5.71788690543379,-0.1423414078976555,26.1,26.3,73.9,46.7,33.8,68.9
Jordan Clarkson,NYK,SG,17.8,10.7,21.1,10.0,25,19,239,0.407,98.0,0.327,0.548,94.0,0.179,68.0,11,5.4,5.7,5.6,0.7,1.2,-1.4,1,65,34,0,0,7,-2.1515720243217804,-0.6522365769512843,24.6,69.5,12.1,21.3,39.0,30.5
Nique Clifford,SAC,SG,25.1,13.0,17.0,15.4,65,37,419,0.388,93.0,0.333,0.505,87.0,0.163,62.0,6,3.8,13.3,8.4,1.2,1.7,-1.2,20,48,29,3,0,7,-1.7112642517420495,0.4118427763166051,28.5,58.1,17.5,24.8,39.8,23.5
Cason Wallace,OKC,SG,26.6,12.7,14.5,10.6,44,21,496,0.493,119.0,0.351,0.538,92.0,0.116,44.0,3,3.5,8.9,6.3,1.3,3.5,3.3,19,67,13,0,0,7,-2.317112566730813,-0.2908695151353462,29.4,66.6,13.4,31.1,68.0,18.7
Jaden Ivey,2TM,SG,18.1,14.0,19.7,12.9,20,16,161,0.523,126.0,0.373,0.571,98.0,0.184,70.0,5,4.0,10.9,7.5,2.0,1.6,0.2,31,62,8,0,0,7,-1.7268989022209302,-0.7757838926724858,32.2,70.6,16.9,37.2,37.7,25.0
Vít Krejčí,2TM,PG,21.4,9.6,14.6,8.3,22,9,245,0.765,184.0,0.39,0.609,105.0,0.119,45.0,5,2.4,9.3,5.8,1.2,1.6,0.0,55,42,3,0,0,7,-3.073121932215608,-1.4420228582847283,35.9,78.9,7.5,53.1,33.5,15.9
Simone Fontecchio,MIA,SF,16.8,11.6,19.6,8.7,22,12,248,0.696,168.0,0.375,0.579,100.0,0.217,82.0,8,4.9,13.8,9.3,0.7,1.5,-0.2,0,0,24,73,3,5,-1.4943534592199497,-1.5087074775624567,26.9,69.0,11.8,77.1,29.4,24.3
Bones Hyland,MIN,PG,16.6,22.7,20.6,12.2,36,17,445,0.639,154.0,0.388,0.599,103.0,0.175,66.0,5,2.2,9.5,5.9,1.3,1.8,0.5,92,8,0,0,0,2,-2.217642162767183,0.6054820187060164,61.0,62.9,8.6,43.7,25.8,21.6
Brook Lopez,LAC,C,21.8,8.5,17.2,9.6,18,16,243,0.585,141.0,0.36,0.552,95.0,0.137,52.0,14,3.4,15.7,9.7,5.0,1.4,0.4,0,0,0,0,100,5,0.053463192327752,-1.96723683474898,21.1,52.0,64.9,86.7,22.8,23.2
Collin Murray-Boyles,TOR,PF,21.9,11.7,15.5,13.2,27,12,262,0.146,35.0,0.34,0.621,107.0,0.316,120.0,10,12.0,14.0,13.0,4.1,2.0,1.5,0,0,8,82,11,5,2.8094658170276534,-1.531056393049068,16.4,32.7,43.3,50.7,35.0,55.6
Luke Kennard,2TM,SG,21.6,13.8,13.5,11.2,38,15,425,0.553,133.0,0.478,0.689,118.0,0.156,59.0,5,2.1,10.0,6.1,0.4,1.6,0.1,10,50,39,1,0,0,-1.89471226907026,-0.864244211140571,26.0,88.9,8.2,40.2,50.2,29.6
Kentavious Caldwell-Pope,MEM,SG,21.3,17.7,17.7,13.2,31,22,329,0.475,115.0,0.316,0.533,92.0,0.219,83.0,2,2.0,10.6,6.2,0.7,1.9,-0.2,3,76,19,2,0,7,-2.174655765593526,-0.1720611356590242,27.7,69.1,10.5,27.1,46.3,22.3
Draymond Green,GSW,PF,27.5,27.3,16.1,25.5,138,19,907,0.631,152.0,0.326,0.54,93.0,0.171,65.0,9,3.2,19.5,11.2,2.1,1.6,1.0,0,0,6,52,43,2,-0.2221300868909733,1.7425214761299122,40.0,53.7,32.1,81.4,29.3,20.1
Jared McCain,2TM,SG,17.3,11.0,20.7,10.0,21,21,224,0.535,129.0,0.385,0.551,95.0,0.123,47.0,3,2.2,10.6,6.4,0.4,1.5,-0.8,14,67,19,0,0,7,-2.872987825954352,-0.8261936424258978,28.8,75.4,9.4,34.0,38.0,17.6
Luguentz Dort,OKC,SF,26.8,5.9,14.1,8.9,27,12,214,0.71,171.0,0.344,0.524,90.0,0.111,42.0,8,3.4,10.7,7.2,1.4,1.6,0.8,0,1,41,56,1,0,-2.691981795105795,-2.1035630046463822,17.4,68.0,12.0,69.3,43.5,13.3
Al Horford,GSW,C,21.5,17.0,16.5,11.1,22,8,290,0.633,152.0,0.361,0.554,95.0,0.08,30.0,3,5.0,20.5,12.6,4.9,1.5,1.3,0,0,0,6,94,5,0.1220345191534318,-2.213168412827072,26.8,54.6,63.7,92.8,27.3,15.1
Josh Oduro,NOP,PF,27.3,6.6,11.0,9.2,0,0,9,0.118,28.0,0.0,0.636,109.0,0.353,134.0,4,14.3,15.9,15.1,0.0,0.0,-4.3,0,0,14,83,3,5,2.541432139641032,-3.3085809792682284,5.1,17.6,28.0,20.9,4.0,58.4
Kadary Richmond,WAS,SG,22.3,16.6,12.0,10.4,2,0,17,0.25,60.0,0.5,0.722,124.0,0.188,71.0,1,1.6,14.7,8.0,1.3,5.7,4.4,0,1,64,34,0,6,0.2685471622944853,-2.0660029408835827,13.7,68.6,19.6,34.2,94.9,40.2
Malachi Smith,BRK,SG,23.9,21.2,14.2,12.0,4,7,121,0.465,112.0,0.435,0.605,104.0,0.081,31.0,4,3.7,13.4,8.3,1.0,1.7,-0.8,29,68,3,0,0,7,-2.086291050349466,-1.4595789178331302,29.9,70.4,13.9,34.3,36.6,23.2
Bradley Beal,LAC,SG,20.2,12.0,22.2,14.9,6,2,23,0.396,95.0,0.368,0.476,82.0,0.167,63.0,0,2.0,2.8,2.4,0.0,1.2,-3.9,0,81,19,0,0,7,-3.831601911521543,-1.1513012917775425,20.9,65.9,5.5,18.1,26.2,17.0
LJ Cryer,GSW,PG,16.2,9.0,20.3,10.0,6,3,44,0.803,194.0,0.394,0.59,102.0,0.162,62.0,2,1.5,9.3,5.3,0.0,0.5,-2.9,100,0,0,0,0,0,-3.5681036526208625,-1.3940012347091002,49.1,69.6,1.5,53.0,2.5,13.4
Ron Holland,DET,SF,19.9,8.2,18.9,13.6,34,42,230,0.364,88.0,0.253,0.525,90.0,0.274,104.0,23,6.1,16.5,11.4,1.7,2.9,1.4,0,0,25,75,0,5,0.5970564298471239,-0.1599273375186493,19.0,41.1,24.3,49.3,45.6,41.3
Chaney Johnson,BRK,SF,20.5,16.4,16.2,15.5,6,5,90,0.319,77.0,0.3,0.635,109.0,0.372,141.0,1,10.4,16.3,13.2,2.4,2.1,0.4,0,8,42,47,3,6,1.8831448708466347,-1.8963020637139465,18.2,54.5,29.9,42.2,46.1,48.7
Jake LaRavia,LAL,PF,25.1,9.3,14.4,12.9,43,26,343,0.465,112.0,0.321,0.571,98.0,0.291,110.0,14,6.8,11.5,9.3,1.7,2.5,0.5,0,5,56,39,1,6,-0.2181623950988069,-0.6927772879738175,18.5,62.1,20.0,45.7,54.9,38.8
Sharife Cooper,WAS,PG,17.1,25.8,20.0,18.2,37,19,310,0.308,74.0,0.382,0.609,105.0,0.243,92.0,8,2.7,10.6,6.6,0.6,1.1,-2.9,100,0,0,0,0,2,-0.8977258400233274,1.0994452910728594,57.0,42.2,12.6,17.2,6.7,37.4
Luka Garza,BOS,C,16.2,8.5,17.7,10.1,9,8,162,0.356,86.0,0.433,0.682,117.0,0.328,124.0,19,15.7,12.0,13.8,2.5,1.2,0.2,0,0,0,4,96,1,3.0628643704477856,-2.1753070553455367,17.7,51.4,62.9,70.8,20.4,61.8
Bez Mbeng,UTA,SG,32.8,16.2,11.1,16.5,14,7,144,0.31,75.0,0.194,0.55,95.0,0.25,95.0,3,3.9,8.8,6.3,1.0,3.2,0.1,23,61,17,0,0,6,-1.0938297503682448,-1.0402223502108685,19.7,48.5,15.3,8.4,55.7,32.1
Bryce McGowens,NOP,SG,21.0,9.5,14.0,5.7,6,5,150,0.392,95.0,0.409,0.61,105.0,0.401,152.0,10,1.5,9.4,5.4,1.0,1.5,-0.9,6,65,29,0,0,6,-1.0033409961926372,-1.2550659482051654,17.7,72.5,13.6,24.8,44.5,43.0
Gary Trent Jr.,MIL,SG,21.2,8.0,17.2,7.6,22,10,186,0.723,174.0,0.36,0.533,92.0,0.11,42.0,6,0.7,4.8,2.8,0.2,1.2,-2.2,2,36,61,1,0,0,-4.443606445169013,-1.6313327288079231,22.3,86.8,1.0,43.8,42.6,10.3
Mouhamadou Gueye,CHI,PF,22.5,17.9,14.6,19.0,1,2,15,0.455,110.0,0.2,0.627,108.0,0.364,138.0,0,4.8,9.3,7.1,1.9,2.1,-1.7,0,0,0,46,54,6,0.7297075459965207,-1.920383306083294,16.7,41.9,35.0,59.3,20.7,38.5
DeJon Jarreau,MEM,SG,21.0,21.8,21.4,21.8,13,6,93,0.361,87.0,0.133,0.473,81.0,0.277,105.0,3,5.5,18.6,12.0,3.2,2.1,-0.3,12,67,21,0,0,6,-0.0800959654489505,-0.5869396797062474,28.6,50.0,29.1,19.3,44.4,27.7
Tre Scott,BRK,PF,30.3,8.2,13.6,7.1,4,0,25,0.38,92.0,0.316,0.456,78.0,0.12,46.0,2,6.1,14.2,9.9,2.6,2.2,-1.1,0,0,0,0,100,5,-0.7037028440013485,-3.015702295093006,12.2,30.4,59.6,63.4,24.2,18.0
Nate Williams,GSW,SG,17.1,8.8,19.5,13.7,7,5,30,0.341,82.0,0.433,0.592,102.0,0.17,65.0,1,9.2,4.8,7.0,0.0,1.0,-2.9,0,9,62,29,0,0,-1.5451629314685262,-2.17103546804389,16.1,66.1,12.6,31.9,32.4,33.7
Bruce Brown,DEN,SG,24.4,11.3,14.5,13.6,52,24,413,0.284,68.0,0.385,0.562,97.0,0.241,92.0,12,5.0,12.5,8.9,0.9,2.1,0.1,31,64,5,0,0,7,-0.6190124365601413,0.2270102551886952,27.2,54.6,19.2,18.2,42.5,38.5
Moussa Diabaté,CHO,C,26.0,10.2,11.4,14.2,26,10,359,0.006,1.0,0.5,0.653,112.0,0.485,184.0,16,16.5,21.1,18.9,3.5,1.5,1.2,0,0,0,1,99,3,5.795547425541361,-1.5036054942148749,11.4,30.1,80.7,54.3,29.4,77.2
Tyson Etienne,BRK,PG,15.8,16.9,20.3,9.0,4,4,98,0.745,179.0,0.398,0.588,101.0,0.248,94.0,4,1.4,7.1,4.1,0.0,1.4,-2.0,100,0,0,0,0,7,-3.1816435232578537,-0.6243992362232116,54.8,66.4,0.0,47.7,12.0,20.2
Leonard Miller,2TM,SF,15.6,8.2,18.7,11.2,11,15,97,0.378,91.0,0.323,0.633,109.0,0.202,77.0,11,8.1,18.6,13.4,1.8,1.1,-1.1,0,3,54,40,2,5,0.6463808112569395,-2.0766912844128407,17.2,61.9,27.5,43.7,36.0,41.0
Walter Clayton,2TM,PG,20.4,26.6,18.5,18.4,69,37,673,0.529,128.0,0.307,0.523,90.0,0.262,100.0,10,1.9,8.9,5.3,1.3,1.5,-2.1,63,36,0,0,0,2,-2.031338577147282,2.1867286888788877,55.1,54.7,9.4,30.7,20.5,25.9
Oscar Tshiebwe,UTA,C,16.6,10.6,17.2,11.2,10,10,75,0.0,0.0,0.0,0.633,109.0,0.338,128.0,9,18.1,25.2,21.6,1.1,1.7,-2.8,0,0,0,20,80,3,5.117599880445512,-2.475061229305554,13.1,8.7,68.0,25.1,12.5,66.5
Dominick Barlow,PHI,PF,23.8,7.0,12.8,10.9,25,15,219,0.206,50.0,0.256,0.597,103.0,0.328,125.0,23,8.5,13.5,11.0,2.9,1.8,0.4,0,0,0,89,11,5,2.0279477450573564,-1.435120698144282,11.2,27.4,35.6,49.0,27.7,55.9
Quinten Post,GSW,PF,17.3,11.9,18.8,10.9,21,14,224,0.631,152.0,0.336,0.56,96.0,0.098,37.0,3,6.4,19.7,12.9,2.8,1.1,-0.1,0,0,0,7,93,5,-0.079099635580917,-2.218254711484009,24.6,54.7,56.1,86.7,18.1,17.7
Ousmane Dieng,2TM,C,19.3,17.7,19.7,15.2,40,30,335,0.465,112.0,0.341,0.516,89.0,0.113,43.0,5,3.0,15.2,9.2,1.5,1.1,-1.2,0,0,4,67,29,5,-1.1912815449846037,-0.5083675293304577,28.3,43.9,27.3,66.8,15.0,18.3
Buddy Hield,2TM,SG,16.1,12.8,20.3,12.3,26,15,178,0.648,156.0,0.349,0.568,98.0,0.113,43.0,1,3.6,12.3,7.9,1.0,2.3,-0.1,0,26,62,12,0,0,-2.5199544613708054,-1.388477884814425,25.7,83.2,11.1,47.9,54.9,15.2
Ryan Kalkbrenner,CHO,C,21.4,5.2,11.6,15.3,15,15,140,0.017,4.0,0.0,0.762,131.0,0.399,151.0,13,13.0,15.7,14.4,6.3,1.1,1.3,0,0,0,0,100,3,6.453641828262842,-2.551283994781301,4.3,16.6,87.3,32.1,27.0,76.0
Vince Williams Jr.,2TM,SG,20.5,27.5,19.5,18.2,41,16,407,0.606,146.0,0.311,0.478,82.0,0.171,65.0,3,5.1,15.6,10.2,1.8,1.7,0.5,93,7,0,0,0,2,-1.8244161727776145,0.7079847745383137,60.6,48.6,15.7,42.2,25.4,15.2
Jaxson Hayes,LAL,C,18.3,6.9,13.0,8.6,13,5,149,0.011,3.0,1.0,0.758,130.0,0.573,217.0,18,10.0,16.1,13.2,4.0,1.2,0.4,0,0,0,0,100,1,4.9307534721967015,-1.59975619293718,8.8,60.0,76.6,76.4,23.6,84.6
Gary Payton II,GSW,SG,15.6,16.9,18.4,12.5,32,4,300,0.306,74.0,0.291,0.632,109.0,0.096,37.0,6,9.7,16.3,12.9,1.7,2.8,1.3,16,62,20,1,0,6,0.1496435659554281,-1.1700244960068082,29.2,62.0,26.0,20.8,55.4,36.6
Ben Saraf,BRK,SG,20.8,24.5,21.0,22.5,50,35,356,0.297,72.0,0.211,0.486,84.0,0.29,110.0,7,2.4,9.7,5.8,0.8,2.1,-1.7,16,48,30,6,0,2,-1.247204787172705,1.4845844124828085,34.8,48.1,12.9,9.5,38.9,30.5
Ja'Kobe Walter,TOR,SG,20.5,7.7,14.0,7.7,17,8,207,0.666,160.0,0.409,0.61,105.0,0.223,85.0,9,4.3,10.0,7.1,0.9,2.4,1.0,12,81,8,0,0,7,-2.109603299855571,-1.5584459753728792,21.3,86.1,10.1,47.0,52.9,27.7
Josh Minott,2TM,PF,17.0,7.9,16.8,13.4,20,14,112,0.607,146.0,0.418,0.653,112.0,0.242,92.0,7,6.4,14.8,10.6,2.8,2.6,1.1,0,9,9,48,33,5,0.3801476806541406,-1.9927599798767963,17.2,67.8,34.2,80.3,39.1,34.4
Taylor Hendricks,2TM,PF,18.9,6.8,16.2,11.5,21,12,138,0.518,125.0,0.342,0.566,97.0,0.203,77.0,18,6.2,15.4,10.7,2.5,2.1,-0.9,0,0,14,28,58,5,0.0560129433824375,-1.8779713752625964,16.0,52.2,43.5,70.7,28.5,33.8
Jose Alvarado,2TM,PG,19.9,23.1,16.8,14.1,52,17,541,0.639,154.0,0.352,0.543,93.0,0.102,39.0,3,2.1,11.6,6.8,0.6,2.3,0.3,100,0,0,0,0,2,-2.842417720522936,0.7201269433294337,60.8,53.9,6.8,41.1,28.7,12.8
Bogdan Bogdanović,LAC,SG,19.7,15.9,18.6,14.2,16,8,130,0.625,151.0,0.347,0.525,90.0,0.164,62.0,1,1.6,13.3,7.6,0.6,1.1,-0.8,20,56,23,2,0,7,-2.834982543715503,-1.1320214470549297,29.6,74.5,9.1,41.2,35.8,13.7
Caris LeVert,DET,SG,19.2,18.2,18.4,16.1,49,22,372,0.46,111.0,0.333,0.518,89.0,0.215,82.0,10,2.3,9.0,5.7,3.5,2.1,1.5,4,33,56,8,0,6,-1.466308446357132,0.1735738179857678,28.8,67.7,21.3,35.2,59.7,25.5
Cameron Payne,PHI,PG,17.0,21.8,19.2,6.5,4,4,127,0.651,157.0,0.33,0.514,88.0,0.148,56.0,0,0.9,12.1,6.4,1.8,3.1,1.0,95,5,0,0,0,7,-2.992124454956144,-0.7261972608553113,55.9,53.9,11.1,43.3,36.5,10.3
Jamir Watkins,WAS,SG,20.6,8.8,15.1,10.8,23,10,175,0.534,129.0,0.297,0.554,95.0,0.277,105.0,4,5.0,15.4,10.1,2.1,2.5,-0.5,8,44,40,8,0,6,-0.9786761689733512,-1.5754500535926987,19.3,69.8,20.9,39.6,52.3,28.5
Kris Dunn,LAC,PG,27.2,17.9,12.4,17.8,69,21,697,0.449,108.0,0.374,0.581,100.0,0.17,64.0,10,3.1,10.8,7.1,0.6,2.9,1.5,85,16,0,0,0,2,-1.414704307494579,1.180580738854922,49.0,49.5,11.6,27.9,42.7,28.8
Nikola Jović,MIA,PF,17.2,16.5,21.4,15.4,31,21,241,0.532,128.0,0.269,0.48,83.0,0.322,122.0,10,3.2,16.5,9.8,1.9,1.5,-0.1,0,0,0,61,38,5,-0.1833978196875582,-0.3178516329675974,28.2,41.5,31.5,70.7,19.4,26.9
Kobe Sanders,LAC,SG,19.9,11.4,16.3,16.4,42,22,262,0.51,123.0,0.408,0.597,103.0,0.18,68.0,10,2.6,10.4,6.6,0.7,1.8,-0.2,17,54,28,2,1,7,-1.8469491829966385,-0.3644834011610784,24.2,75.8,11.6,35.2,45.5,28.2
Jalen Slawson,IND,SF,23.9,15.7,13.9,16.8,9,4,89,0.519,125.0,0.375,0.562,97.0,0.221,84.0,2,2.4,17.9,10.0,3.8,3.1,1.8,0,5,77,19,0,6,-0.6170413513415185,-1.938877331401095,17.1,73.0,26.9,50.4,72.4,23.6
Terance Mann,BRK,SG,24.3,18.6,13.5,15.0,44,22,470,0.418,101.0,0.364,0.564,97.0,0.217,82.0,5,5.0,10.5,7.6,0.9,1.3,-0.7,9,61,29,1,0,7,-1.4327233510384512,-0.1281030507557732,27.2,67.5,14.0,26.6,43.4,30.1
Pat Spencer,GSW,PG,18.6,27.1,18.9,15.6,58,22,584,0.385,93.0,0.357,0.516,89.0,0.131,50.0,3,4.5,9.9,7.2,0.4,1.9,-0.6,63,36,1,0,0,2,-2.1367594295599264,1.2413773879059269,53.5,48.7,10.9,21.8,29.1,21.9
Julian Strawther,DEN,SG,15.1,9.8,19.4,9.3,15,11,150,0.47,113.0,0.387,0.59,102.0,0.219,83.0,5,1.6,12.7,7.4,0.7,1.4,-1.1,1,36,52,11,0,0,-1.7421386965796637,-1.3744847303037906,21.6,75.6,13.2,34.8,43.6,27.7
Jaylin Williams,OKC,PF,19.6,16.0,15.6,14.6,32,12,382,0.727,175.0,0.383,0.597,103.0,0.261,99.0,9,2.8,26.6,15.2,3.2,1.2,2.8,0,0,4,35,61,5,1.0396664418261787,-1.3287955985627975,26.9,64.8,47.2,98.0,33.0,25.6
Leaky Black,WAS,SF,28.9,6.6,11.6,11.6,6,6,60,0.534,129.0,0.345,0.498,86.0,0.078,29.0,0,3.7,15.2,9.3,1.6,2.0,-1.1,0,19,45,33,2,0,-2.466558594391757,-2.8743631290717864,10.1,61.4,19.0,50.1,45.3,11.4
Ben Sheppard,IND,SG,21.4,11.3,13.8,9.1,25,12,274,0.599,144.0,0.362,0.561,96.0,0.132,50.0,5,3.3,12.2,7.6,0.4,1.3,-0.6,11,69,20,0,0,7,-2.717597904611851,-1.4183349426328378,23.3,77.1,9.5,38.8,41.7,18.8
Lawson Lovering,MEM,C,24.5,8.3,12.1,14.1,1,0,7,0.0,0.0,0.0,0.574,99.0,0.5,190.0,1,13.0,20.2,16.6,1.9,2.9,0.1,0,0,0,0,100,3,4.9182500459246645,-2.53490999781304,4.6,2.7,72.3,22.5,34.3,62.4
Ethan Thompson,IND,SG,20.4,11.9,15.7,10.3,16,6,135,0.592,143.0,0.328,0.515,89.0,0.24,91.0,4,2.8,8.9,5.7,1.2,1.5,-0.8,12,79,8,0,0,7,-2.709535621981808,-1.3086656556755425,22.9,71.8,10.5,36.7,38.7,20.3
Grant Williams,CHO,PF,19.8,10.6,14.1,13.0,17,3,146,0.732,176.0,0.388,0.609,105.0,0.295,112.0,5,7.4,15.0,11.3,2.3,1.2,1.0,0,0,0,88,12,5,-0.0312378144098813,-2.3899266697005914,18.3,64.4,23.1,94.8,25.3,30.1
Patrick Williams,CHI,PF,20.5,9.4,16.6,12.8,29,26,258,0.573,138.0,0.347,0.494,85.0,0.157,60.0,7,3.6,11.8,7.7,1.5,1.6,-1.1,0,1,30,65,6,5,-2.093882737687826,-1.2237926447796417,20.4,55.8,16.8,64.9,30.6,17.2
Javonte Green,DET,SG,17.6,5.0,14.8,8.8,35,7,129,0.597,144.0,0.381,0.607,104.0,0.302,115.0,7,4.9,12.8,8.9,1.7,3.4,2.4,8,60,31,2,0,6,-0.9259638717250592,-1.4772621098847665,16.9,82.3,17.2,44.5,69.3,33.1
Elijah Harkless,UTA,SG,21.0,17.6,16.2,12.1,11,11,180,0.547,132.0,0.239,0.471,81.0,0.398,151.0,5,1.9,8.7,5.3,1.1,2.7,-0.7,48,52,1,0,0,7,-2.05175499042794,-0.1204813038332731,36.3,53.0,9.6,28.1,38.7,26.2
Keon Ellis,2TM,SG,20.5,6.3,13.0,9.0,20,15,177,0.654,157.0,0.363,0.579,100.0,0.182,69.0,6,2.8,7.3,5.1,2.9,2.7,1.3,28,56,15,2,0,7,-2.349627023993795,-1.584372714296595,22.6,76.2,16.1,47.4,54.2,21.1
Isaiah Jackson,2TM,C,16.5,8.5,16.2,17.0,18,16,119,0.013,3.0,0.0,0.653,112.0,0.443,168.0,11,13.6,21.8,17.7,4.8,1.9,0.8,0,0,0,6,94,3,6.1541089508262985,-1.8409275212298677,10.0,10.4,82.9,31.2,28.2,70.1
Cole Anthony,MIL,PG,15.1,34.8,25.8,21.1,40,20,291,0.312,75.0,0.306,0.483,83.0,0.113,43.0,3,3.5,15.1,9.3,2.1,1.9,-0.9,99,1,0,0,0,2,-1.3561155459195144,1.5317088704688229,67.1,32.7,20.4,19.4,17.1,19.9
Kevin Love,UTA,PF,16.6,14.6,16.6,12.1,18,7,153,0.714,172.0,0.373,0.568,98.0,0.221,84.0,5,9.5,28.9,18.9,1.4,1.1,-0.9,0,0,10,64,26,5,0.5223876969553871,-2.4096391685551475,23.5,63.8,33.1,93.5,20.0,25.7
Robert Williams,POR,C,17.1,8.9,13.1,15.1,22,12,147,0.092,22.0,0.391,0.722,124.0,0.228,86.0,3,14.9,29.9,22.3,7.7,1.7,2.4,0,0,0,5,95,3,6.201033613121508,-3.1137864768612493,9.1,35.6,98.7,68.1,34.5,59.1
Ryan Nembhard,DAL,PG,19.5,37.2,17.5,17.4,53,22,753,0.346,83.0,0.356,0.492,85.0,0.079,30.0,3,1.2,10.8,6.0,0.1,1.0,-1.7,100,0,0,0,0,2,-2.7088770388013974,2.015762941267162,70.4,34.2,7.5,17.0,11.9,15.9
Jamal Shead,TOR,PG,22.6,30.6,15.5,16.8,87,13,1025,0.52,125.0,0.321,0.491,84.0,0.23,87.0,9,1.6,7.2,4.4,0.8,2.0,0.0,100,0,0,0,0,2,-2.5021248644233824,2.6640600024849155,71.0,41.7,5.9,28.8,26.1,21.5
Oso Ighodaro,PHO,PF,22.0,14.2,12.2,19.5,49,22,467,0.003,1.0,0.0,0.636,109.0,0.32,121.0,17,8.2,17.8,12.8,3.0,2.0,2.3,0,0,0,3,97,3,4.540760877079336,-0.4025740209337875,15.2,7.2,70.1,21.9,36.6,61.2
Luke Kornet,SAS,C,21.0,11.3,10.3,8.0,11,8,299,0.0,0.0,0.0,0.689,119.0,0.419,159.0,4,14.0,17.0,15.5,4.0,1.1,2.1,0,0,0,8,92,3,5.659083145369778,-2.494566129245833,11.7,10.0,76.2,26.4,30.8,68.8
Drake Powell,BRK,SG,21.0,10.3,14.9,13.3,29,19,235,0.508,122.0,0.28,0.521,90.0,0.215,82.0,4,1.8,8.4,4.9,1.0,1.3,-1.3,45,43,12,0,0,7,-2.4653936767286733,-0.6094009286973467,29.8,56.5,10.6,26.6,30.1,21.1
Trendon Watford,PHI,PF,16.3,21.8,17.9,17.5,25,21,317,0.187,45.0,0.2,0.573,99.0,0.287,109.0,11,4.7,17.5,11.0,2.4,0.9,0.2,0,0,8,83,9,5,1.6261855167380126,-0.3438320266965888,25.4,26.5,31.1,40.6,21.5,43.7
Kenrich Williams,OKC,PF,15.3,12.7,18.3,11.9,20,17,193,0.436,105.0,0.388,0.569,98.0,0.176,67.0,10,7.8,15.6,11.9,0.6,1.8,0.3,0,2,10,70,18,5,-0.158493085802909,-1.4606565012198538,21.9,49.9,24.5,64.3,28.9,32.6
Jevon Carter,2TM,PG,16.4,14.0,17.0,10.2,22,8,207,0.7,169.0,0.363,0.537,92.0,0.062,23.0,0,1.8,9.6,5.6,1.0,2.2,0.4,94,6,0,0,0,7,-3.582301268025168,-0.9471841376061394,49.3,59.2,7.1,46.2,29.5,6.9
Andre Drummond,PHI,C,19.5,8.9,14.9,14.0,25,12,185,0.267,64.0,0.356,0.539,93.0,0.249,95.0,8,17.5,29.8,23.6,3.7,1.5,-0.2,0,0,0,1,99,1,4.000639183240953,-2.582088202845167,13.6,32.0,82.2,71.4,22.3,46.4
Will Richard,GSW,SG,20.0,9.3,13.0,12.5,23,15,236,0.613,148.0,0.335,0.596,103.0,0.156,59.0,7,5.3,8.7,7.0,0.6,2.8,0.9,19,55,24,2,0,7,-2.127938842383013,-1.3766993006645665,21.8,76.3,9.6,39.1,56.7,24.8
Jalen Wilson,BRK,PF,15.9,9.0,18.2,10.6,17,13,127,0.547,132.0,0.355,0.536,92.0,0.345,131.0,8,2.2,13.9,7.7,0.2,1.3,-2.1,0,1,28,62,9,5,-1.2567700959866994,-1.2738517837010837,19.7,57.6,13.2,60.2,23.2,29.8
Tyrese Martin,2TM,SG,16.9,15.6,18.4,12.1,21,13,189,0.596,144.0,0.321,0.501,86.0,0.101,38.0,4,4.8,12.9,8.6,0.7,1.6,-1.4,7,64,28,1,0,7,-2.9484041444781126,-1.214996644255988,27.2,73.7,11.3,38.4,40.5,13.8
Kyle Anderson,3TM,SF,19.8,19.4,13.2,14.4,17,7,293,0.054,13.0,0.364,0.573,99.0,0.337,128.0,8,5.4,13.8,9.6,2.8,2.5,1.7,0,5,37,51,8,6,1.5880423565130597,-0.8468321014173739,18.4,34.5,33.7,26.4,52.7,49.4
Alex Caruso,OKC,SG,18.2,14.1,15.7,13.0,32,12,262,0.603,145.0,0.293,0.54,93.0,0.17,64.0,3,3.1,13.0,8.2,1.6,3.4,3.3,1,24,52,24,0,6,-1.7365150766878923,-1.1485313874827423,23.1,71.0,14.5,47.7,73.3,18.0
Kasparas Jakučionis,MIA,PG,17.8,18.1,13.7,15.8,27,14,332,0.655,158.0,0.423,0.614,106.0,0.277,105.0,3,4.7,10.5,7.6,0.7,1.6,0.6,85,15,0,0,0,7,-1.4288019676264532,-0.2300025222621339,46.6,65.8,8.6,46.8,29.7,28.6
Jahmai Mashack,MEM,SG,21.7,13.8,16.0,18.9,27,12,169,0.385,93.0,0.253,0.456,78.0,0.179,68.0,3,3.6,9.5,6.5,1.9,2.6,-0.9,27,26,41,6,0,7,-2.094760528250595,-0.7552513619273871,24.4,48.3,18.0,21.6,47.8,19.2
Justin Edwards,PHI,SF,15.3,11.5,16.1,9.6,13,15,202,0.563,136.0,0.372,0.572,98.0,0.122,46.0,5,2.9,7.7,5.2,1.1,2.7,0.6,0,5,83,13,0,0,-2.637081885061154,-1.6568267173581153,21.0,78.7,10.1,40.8,66.4,19.8
Hayden Gray,UTA,SG,25.0,5.0,8.0,20.5,1,0,2,0.333,80.0,0.0,0.773,133.0,0.667,253.0,0,0.0,0.0,0.0,3.9,1.9,-1.6,0,100,0,0,0,6,1.6619011181316252,-1.6384639170210549,0.0,61.2,20.5,1.4,43.2,63.9
Tidjane Salaün,CHO,PF,15.5,6.6,14.9,12.8,10,8,71,0.522,126.0,0.434,0.629,108.0,0.252,95.0,3,5.2,23.7,14.6,1.1,1.4,0.4,0,0,0,84,16,5,0.7274389789043031,-2.55982177793997,13.1,56.1,28.3,81.2,24.0,32.7
Goga Bitadze,ORL,C,15.2,12.5,13.5,13.8,19,10,195,0.049,12.0,0.182,0.7,120.0,0.431,164.0,13,15.6,21.2,18.4,5.7,1.8,2.0,0,0,0,0,100,3,6.468881146534567,-2.0691853158099662,12.6,22.7,88.0,46.0,33.5,74.4
Kobe Brown,2TM,PF,15.8,11.6,15.6,15.1,32,16,195,0.513,124.0,0.374,0.594,102.0,0.218,83.0,3,7.8,13.6,10.7,1.1,1.2,-1.4,0,0,25,71,4,5,-0.4493884621805424,-1.678829680928987,18.4,58.4,19.0,64.8,25.1,30.9
Steven Adams,HOU,C,22.8,8.3,12.1,16.7,14,8,107,0.0,0.0,0.0,0.535,92.0,0.583,221.0,3,22.3,19.6,21.0,2.5,1.5,-0.3,0,0,0,0,100,3,6.269322032414014,-2.3478189929301005,5.7,0.0,79.9,27.7,23.3,72.6
Ryan Dunn,PHO,SF,19.4,10.3,13.7,12.8,25,13,253,0.467,112.0,0.331,0.532,91.0,0.13,49.0,3,7.8,16.8,12.2,2.0,2.2,1.2,0,4,43,53,0,5,-0.6728747102592649,-2.031224020974309,17.0,55.5,24.1,54.4,50.6,23.4
Anthony Gill,WAS,PF,17.3,10.0,11.9,13.3,22,7,166,0.223,54.0,0.354,0.682,117.0,0.214,81.0,7,6.4,11.5,8.9,1.9,1.5,-1.3,0,0,1,36,64,5,1.377961790385882,-2.1652129335518806,10.8,38.6,46.2,51.0,20.0,46.4
Kris Murray,POR,SF,23.4,8.1,10.6,13.5,27,12,197,0.442,106.0,0.279,0.55,95.0,0.207,78.0,6,7.2,9.6,8.4,1.5,1.8,0.8,2,46,32,18,2,6,-1.022657246597994,-1.7938527804989677,11.6,60.0,19.1,33.2,52.1,30.2
Matisse Thybulle,POR,SG,16.0,7.7,14.7,16.2,17,8,66,0.694,167.0,0.398,0.6,103.0,0.187,71.0,1,3.8,9.6,6.7,3.0,6.0,6.1,12,51,33,4,0,6,-1.5826254713072103,-1.670061806745809,17.4,86.1,17.5,54.6,100.0,20.1
Nae'Qwan Tomlin,CLE,PF,15.7,7.0,15.5,7.8,14,6,131,0.366,88.0,0.235,0.549,94.0,0.194,74.0,3,9.5,10.9,10.2,3.2,2.0,0.1,0,0,17,75,8,5,0.070184694065572,-2.614231381311713,14.8,38.4,31.7,53.9,33.2,32.2
Dean Wade,CLE,PF,22.3,8.3,9.9,5.1,3,7,221,0.705,170.0,0.362,0.58,100.0,0.137,52.0,4,4.4,16.1,10.3,1.7,1.6,1.0,0,0,14,73,14,5,-1.4640748710500957,-3.0521131653428526,16.0,62.4,21.0,84.3,35.6,17.7
Doug McDermott,SAC,SF,15.1,6.8,15.1,8.3,10,1,52,0.885,213.0,0.39,0.574,99.0,0.065,25.0,0,1.7,7.9,4.7,0.8,0.7,-3.0,0,4,65,31,0,0,-4.364893514200332,-3.053159584221364,18.0,91.9,2.7,71.9,32.4,4.2
Yves Missi,NOP,C,19.7,8.6,12.6,13.7,21,14,207,0.003,1.0,0.0,0.556,96.0,0.347,132.0,14,15.0,17.0,16.0,7.4,0.7,-0.3,0,0,0,0,100,3,5.192545606221708,-2.29220158966977,9.0,1.8,93.4,35.0,17.7,61.1
Mitchell Robinson,NYK,C,19.6,5.8,10.7,14.0,13,11,129,0.0,0.0,0.0,0.676,116.0,0.5,190.0,13,23.9,26.1,25.0,6.1,2.4,1.5,0,0,0,24,76,3,8.216597505371666,-3.00299234493597,3.8,9.3,91.4,39.7,37.0,84.7
Guerschon Yabusele,2TM,C,15.0,8.3,16.1,10.7,21,13,159,0.628,151.0,0.352,0.543,93.0,0.231,88.0,5,6.1,19.0,12.6,1.5,1.2,-0.5,0,0,0,33,67,5,-0.1177339104937225,-2.141398134770384,18.6,53.1,42.4,84.1,18.6,24.0
Dru Smith,MIA,SG,16.3,20.0,15.2,12.9,27,21,426,0.397,96.0,0.295,0.532,92.0,0.323,123.0,13,5.6,10.2,7.9,1.6,4.1,3.6,72,27,1,0,0,6,-0.3410559535782034,0.7644625235982727,45.8,44.0,17.3,23.0,60.0,38.1
Killian Hayes,SAC,PG,17.7,26.3,18.7,15.7,20,5,197,0.457,110.0,0.27,0.422,73.0,0.203,77.0,1,1.1,14.2,7.4,0.9,2.5,-0.9,85,15,0,0,0,2,-2.599422164424856,0.2600697538413238,52.4,36.4,11.8,24.2,27.5,12.8
Spencer Jones,DEN,SF,22.1,4.5,9.7,9.8,13,3,130,0.55,132.0,0.396,0.619,106.0,0.195,74.0,1,6.2,10.1,8.3,1.9,1.8,0.0,0,0,39,58,4,0,-1.0320808919443898,-3.0353815621905027,8.8,65.3,19.7,63.7,43.0,28.2
Baylor Scheierman,BOS,SG,18.6,10.5,11.9,11.7,23,12,299,0.73,176.0,0.399,0.616,106.0,0.093,35.0,1,4.5,16.0,10.3,0.4,1.5,1.3,5,53,41,1,0,0,-2.257444808358448,-2.035255547860692,20.4,91.3,10.3,53.4,56.3,16.0
Dylan Cardwell,SAC,C,20.6,9.2,11.3,16.2,15,8,152,0.022,5.0,0.5,0.591,102.0,0.285,108.0,2,17.6,23.5,20.5,6.8,1.6,0.6,0,0,0,26,74,3,4.916445893287907,-2.9722126402889963,6.6,26.6,87.2,64.7,27.9,56.4
Sion James,CHO,SG,22.5,11.4,11.0,13.5,28,16,419,0.634,153.0,0.352,0.531,91.0,0.263,100.0,6,3.1,14.3,8.8,1.0,1.4,1.1,10,64,25,2,0,7,-1.826735582516184,-0.9029255923428452,22.1,75.7,12.6,44.1,51.3,22.6
Pete Nance,MIL,PF,15.7,9.2,13.5,11.6,17,3,123,0.613,148.0,0.42,0.639,110.0,0.057,22.0,1,4.2,14.9,9.6,1.9,0.9,-1.2,0,1,38,44,17,0,-1.5200724248261428,-2.9494907294123034,15.6,72.7,23.7,70.5,30.2,19.1
Jordan Walsh,BOS,PF,17.8,5.8,11.7,10.7,16,9,140,0.468,113.0,0.384,0.623,107.0,0.213,81.0,10,7.9,16.6,12.3,2.6,2.0,1.6,0,3,31,64,2,5,0.5140701392611409,-2.557832894595319,10.7,59.5,28.0,63.5,46.9,37.5
Rayan Rupert,2TM,SG,16.8,8.6,15.0,14.0,24,20,170,0.435,105.0,0.324,0.493,85.0,0.173,65.0,1,4.8,14.4,9.5,0.8,2.4,-0.1,4,37,38,20,1,7,-1.70873789140402,-1.4074291584145868,16.0,58.6,17.3,34.6,51.0,20.2
Andersson Garcia,UTA,SF,33.8,10.0,9.7,17.5,3,3,35,0.448,108.0,0.077,0.394,68.0,0.31,118.0,1,10.6,16.4,13.4,2.3,2.2,-0.5,0,2,41,40,17,5,-0.0217708913115925,-2.675813328490785,7.5,31.1,32.9,43.2,44.9,24.5
Jalen Pickett,DEN,SG,16.1,18.4,14.8,12.4,17,11,276,0.547,132.0,0.386,0.541,93.0,0.082,31.0,4,2.6,12.7,7.9,0.6,0.8,-1.1,60,40,0,0,0,7,-2.800106867138208,-0.8730196098409311,40.2,60.2,10.6,36.7,22.3,15.3
Nikola Topić,OKC,PG,16.0,36.5,21.2,32.0,17,5,108,0.294,71.0,0.4,0.489,84.0,0.098,37.0,1,4.9,7.8,6.4,0.0,1.5,-3.2,100,0,0,0,0,2,-2.3242444391334938,0.8551593440174421,57.5,34.2,8.7,15.4,7.6,20.3
Ochai Agbaji,2TM,SG,15.7,6.8,14.6,9.4,19,6,119,0.457,110.0,0.266,0.525,90.0,0.154,58.0,2,5.3,11.5,8.3,1.7,1.2,-0.5,8,71,20,0,0,7,-1.9402336212144715,-2.057719723963189,16.1,63.2,19.0,26.7,41.4,21.8
Sidy Cissoko,POR,SF,19.1,10.2,12.5,15.8,30,25,279,0.593,143.0,0.298,0.514,88.0,0.263,100.0,9,4.6,8.0,6.3,1.5,1.7,0.5,13,38,36,12,0,7,-1.8662252094154803,-0.7576738226611874,20.0,66.6,12.6,40.9,49.3,25.2
Johnny Furphy,IND,SG,18.4,8.6,12.8,15.0,11,8,94,0.477,115.0,0.324,0.547,94.0,0.235,89.0,5,5.3,20.9,12.9,0.9,1.5,0.2,0,49,46,5,0,6,-0.6099840394891196,-2.052577494225916,11.6,69.6,20.7,35.2,52.8,28.3
Jericho Sims,MIL,C,19.7,10.7,9.8,25.8,28,13,269,0.0,0.0,0.0,0.772,133.0,0.384,146.0,10,12.7,19.0,15.9,1.3,0.7,-0.9,0,0,0,21,79,3,5.773893486300428,-1.7331749976265225,5.3,15.6,61.6,20.5,16.8,74.8
Adem Bona,PHI,C,17.4,3.4,11.1,17.2,9,16,81,0.027,7.0,0.333,0.638,110.0,0.514,195.0,7,11.2,16.0,13.6,6.2,1.2,0.3,0,0,0,4,96,3,5.292619794846218,-2.258709947990752,1.2,22.8,84.7,49.0,24.1,68.3
Lonzo Ball,CLE,PG,20.8,22.6,13.7,21.9,37,10,329,0.835,201.0,0.272,0.432,74.0,0.119,45.0,0,3.9,17.2,10.6,1.2,3.0,1.8,43,54,4,0,0,7,-3.1502996874586997,-0.4098544886181685,38.6,68.7,10.0,56.7,53.1,0.0
Jeremiah Robinson-Earl,2TM,PF,16.4,5.6,14.1,10.0,6,4,36,0.41,99.0,0.244,0.468,80.0,0.18,68.0,3,10.6,20.4,15.5,0.2,1.2,-1.7,0,0,3,95,3,5,-0.3369523103597408,-3.024777275191932,10.7,30.9,23.8,60.9,16.1,25.3
Mike Conley,MIN,PG,18.4,19.5,11.5,12.5,24,4,377,0.772,186.0,0.337,0.517,89.0,0.233,88.0,0,2.0,8.2,5.2,1.2,1.7,1.0,100,0,0,0,0,7,-3.0363036283323974,-0.4724475816857704,52.2,57.1,5.2,50.4,30.0,12.2
Josh Okogie,HOU,SG,17.4,6.4,11.3,11.2,21,15,162,0.548,132.0,0.385,0.544,94.0,0.235,89.0,5,6.7,9.6,8.2,1.1,2.3,1.1,3,74,22,0,0,7,-1.7418145462740662,-1.709043055195166,12.5,75.1,14.7,38.2,58.0,27.2
Craig Porter Jr.,CLE,PG,17.9,22.4,12.3,17.6,46,10,490,0.36,87.0,0.355,0.524,90.0,0.155,59.0,3,8.2,12.9,10.5,3.1,2.4,1.9,86,14,0,0,0,2,-0.4865643947986683,0.022264045684484,47.6,39.1,26.8,29.0,40.5,27.5
John Konchar,2TM,SG,19.9,13.4,9.4,13.8,27,7,277,0.497,120.0,0.283,0.568,98.0,0.221,84.0,6,7.0,16.5,11.6,3.2,3.5,2.2,3,36,51,9,0,6,-0.1688363207741928,-1.7603796783199683,16.0,67.1,27.2,40.3,74.9,30.4
Gabe Vincent,2TM,PG,16.6,10.8,12.3,10.7,19,3,178,0.801,193.0,0.341,0.511,88.0,0.106,40.0,1,2.2,4.7,3.5,0.3,1.5,-0.5,99,1,0,0,0,7,-4.357009400063335,-1.3779512261178526,44.4,59.1,0.3,49.3,22.7,5.1
Mouhamed Gueye,ATL,PF,15.3,7.4,12.4,9.4,18,10,174,0.448,108.0,0.308,0.539,93.0,0.214,81.0,8,8.1,17.4,12.7,3.0,2.4,1.3,0,0,0,56,44,5,0.6809452697293354,-2.42130090418357,13.2,39.3,44.4,71.8,35.4,31.3
Kam Jones,IND,SG,16.6,26.2,14.4,17.3,21,11,301,0.444,107.0,0.293,0.47,81.0,0.047,18.0,0,2.6,8.1,5.3,0.0,1.4,-1.9,17,60,22,1,0,7,-3.628919797463302,-0.5628455140478792,31.7,57.3,6.0,20.8,36.1,9.5
DeAndre Jordan,NOP,C,16.6,7.2,10.1,18.6,5,3,26,0.0,0.0,0.0,0.671,115.0,0.531,202.0,3,13.9,27.4,20.6,4.7,1.0,0.2,0,0,0,0,100,3,7.118112528694804,-2.948367843323889,1.0,8.7,88.4,32.5,22.9,72.7
Jarred Vanderbilt,LAL,PF,17.4,9.6,12.4,17.5,26,19,194,0.413,99.0,0.293,0.544,94.0,0.233,89.0,1,8.6,21.3,15.2,1.6,2.4,0.9,0,0,31,65,5,5,0.7685487861797924,-1.9065286292581864,12.3,46.4,29.0,56.3,46.0,30.8
Keshon Gilbert,2TM,SG,18.5,21.0,13.0,34.7,4,4,29,0.25,60.0,0.0,0.564,97.0,0.583,221.0,1,2.9,4.4,3.6,4.8,1.9,-0.4,6,83,11,0,0,6,1.4607190301119908,-0.2523481143762022,12.4,42.5,27.7,0.3,46.2,50.0
Josh Green,CHO,SG,15.7,6.8,10.6,15.3,20,7,113,0.762,184.0,0.42,0.644,111.0,0.155,59.0,1,5.7,7.0,6.3,0.6,1.9,1.0,20,66,12,1,0,7,-2.492383252917405,-2.190481082358063,16.7,90.3,6.2,53.9,49.8,21.3
Dereck Lively II,DAL,C,16.4,14.7,11.8,30.9,3,0,29,0.0,0.0,0.0,0.67,115.0,0.556,211.0,0,13.0,21.0,17.0,8.1,1.6,3.6,0,0,0,0,100,3,7.713311447793507,-2.2991696174327005,4.1,9.3,96.5,37.3,39.1,71.7
Micah Peavy,NOP,SG,15.0,8.8,14.0,6.5,9,7,141,0.393,95.0,0.259,0.455,78.0,0.105,40.0,3,5.4,8.5,6.9,0.9,2.3,-0.8,1,31,56,11,0,7,-2.817667645022131,-2.168009182404676,15.6,54.2,15.1,22.4,54.0,16.7
Nicolas Batum,LAC,PF,17.5,6.5,9.6,13.2,25,4,154,0.958,231.0,0.404,0.603,104.0,0.046,18.0,0,2.1,14.1,8.3,1.7,1.8,0.7,0,0,24,72,4,0,-3.000546181412568,-3.1251937104184493,13.6,83.2,10.6,100.0,39.8,3.5
Dorian Finney-Smith,HOU,PF,16.8,7.1,10.7,13.9,11,2,87,0.758,183.0,0.27,0.452,78.0,0.068,26.0,1,6.3,10.2,8.3,0.9,1.3,-0.1,0,2,51,47,0,0,-3.384359479297772,-3.057716332049816,11.7,64.6,9.8,65.3,43.8,3.6
